name,rve_threshold,rve_dice,rve_iou,rve_precision,rve_recall,rve_tp,rve_fp,rve_fn,rootscope_model,rootscope_threshold,rootscope_dice,rootscope_iou,paired_dice_difference,paired_iou_difference
10-1-2(3),60,0.5097979081154138,0.34209984732386006,0.45921376394929747,0.5729056458593825,71478,84175,53286,fold_0,0.47,0.55029130634251,0.37958750523470514,0.04049339822709619,0.037487657910845074
10-1-3,60,0.560914819893145,0.3897717992283791,0.5454808197582764,0.5772476400995399,83044,69196,60818,fold_0,0.47,0.6213772640538677,0.4507232093683875,0.06046244416072277,0.06095141014000838
10-2-1,60,0.5468776392496656,0.3763465858217747,0.43875880407432233,0.7257059083667028,119793,153234,45278,fold_0,0.47,0.6655589398336975,0.49875484178428486,0.11868130058403192,0.12240825596251015
10-2-4,60,0.4707282085899924,0.3078119999558582,0.3734377614887706,0.6365721458321447,55786,93599,31849,fold_0,0.47,0.5795041729150239,0.4079590815160889,0.10877596432503145,0.10014708156023072
10-9-3,60,0.46779626929458495,0.30530944411629585,0.35636846482716356,0.6806050008011871,97692,176440,45845,fold_0,0.47,0.5758089735775052,0.40430599750646645,0.1080127042829202,0.0989965533901706
235-10-12(2),60,0.5377976854010013,0.367799777111206,0.5043757270702017,0.5759633250560022,66336,65185,48838,fold_0,0.47,0.591328141778757,0.419777067546049,0.053530456377755775,0.051977290434843004
7-1-3(3),60,0.40644643266804314,0.2550566488634237,0.305494486546138,0.6070480204210995,141736,322220,91748,fold_0,0.47,0.5728024498671082,0.40134769697003214,0.166356017199065,0.14629104810660842
7-1-6(1),60,0.49231114603210235,0.3265336509827278,0.3615258640367245,0.7713563468964157,199563,352439,59154,fold_0,0.47,0.6277336290272901,0.45744298796911476,0.13542248299518778,0.13090933698638696
7-1-6(4),60,0.24076473868258502,0.1368576130643759,0.13934978672304016,0.8844249670525096,278501,1720074,36394,fold_0,0.47,0.6172733612356207,0.4464174941962667,0.3765086225530357,0.3095598811318908
DN50-235-25-7(1),60,0.5291195257379034,0.3597297910990009,0.4000238472652798,0.7812418667725984,57033,85541,15970,fold_0,0.47,0.5828175706714217,0.41125091492105537,0.05369804493351826,0.05152112382205448
