role,name,threshold,segmentation_sha256
validation,10-1-1(2),50,5e8c9d590cf1fd8ac5e29ecbf1691a80f71261e852af1ab27bb65874fc35fbd8
validation,10-1-2(2),50,1507dc867f12c7e97be86758d6b891744b0866955db2123c8444cc378f8b926c
validation,235-10-11(2),50,278427802b81a8b0234866899cf5d0e05cebaf4bfc01d32d3ef7b02c319c25f8
validation,235-10-11(3),50,8dc7e2fc420a970056371be2fbcd912075823c78b8bca3a5be8f59e21e71b13a
validation,235-10-12(3),50,ef1e346c7ead6078fa157182bdf26cf36822292888eba4a55b62be13b062a992
validation,235-25-9(3),50,7eabb7040faeadea15d217c4b6d1de075dfd81420d94c692df03dd81fda65342
validation,447-1-1,50,fbc804b6cf928e5c117dfa09c090a42cc3d5626702c7a2ace168414c67be7a1d
validation,447-1-1(1),50,b753a54124fdf829bddeeb79ef2d406fe1ff09d3edc607f4face2659be24b351
validation,DN50-235-25-6(2),50,d921f2b6b2753de9fcbc31402b22afff118c30397d92da2c8a7f5790a56ac3ea
validation,DN50-235-25-6(3),50,568f0e983ad17505991588a10ea28ef6ccf9d130454932ab59b21f0108760d6d
validation,10-1-1(2),60,4d58a63b8cb2bd96e5540995e292f60860663daab8e01e8399087f5121227b91
validation,10-1-2(2),60,cd2e21fb9c6228354e9046700a25d3335a25d22dd89ea58190c9334401305fa3
validation,235-10-11(2),60,2d6aacd74761c7be420ed9e63258932491195b74423453df1457d1cb160d1f33
validation,235-10-11(3),60,4572c99f51fa2121a7dafad65d3bd03d83ba1d0ff561342970daa3c9eae27335
validation,235-10-12(3),60,1760ad2d2c4a14a7177e3eb47e4567daad835ab78e74b4c7dc0fdeecf788fa54
validation,235-25-9(3),60,5995e1cd6d9083791f0bcfcca0e61207ce11ce9fe75c76e60c4337f4267ec829
validation,447-1-1,60,e79b953b5a0281e4d9e4167f4d901a0e76dd7087b1fe5d30d14095f0f361ab21
validation,447-1-1(1),60,35acd137ca06f993c9b822107e3bbe1906d2756ebe02e28eac7cbf741ceaa8c0
validation,DN50-235-25-6(2),60,ed15463c6670461d671f82f3b0ff918492756e7a264211963111dd5f487b8403
validation,DN50-235-25-6(3),60,17dc0651ea0884c8f03c500afc18bf69dec9cc8b0536b22e10a04fb4825c6049
validation,10-1-1(2),70,c459913a37f18011e8901ee6361e7124615ff78ed2620eeaffe2ca16c483a217
validation,10-1-2(2),70,1302f39d7f9a9315d60222a0c120d05838f8af4601e96bac5b74da8b251ac747
validation,235-10-11(2),70,c18dd3170a2e9b9a445baf773366fa3e525f1f538ee541a3e22a43d3459ba31c
validation,235-10-11(3),70,eeaf3b980cf86febb2459e5937f2f5ea5a53a121b035d6630cd68856cb9fba12
validation,235-10-12(3),70,ccbfa654223e4e46cc629dfec55a7091072d0e550fd5eb17346e3dff2a17e288
validation,235-25-9(3),70,a7e894e49f348ae072ad3181f83d7402c70259345127b4745b900004238199b1
validation,447-1-1,70,6f0b06b9d960aa4ef1d5a30b860a5587d1dd3ae2547b8f0e169002cd02e204e2
validation,447-1-1(1),70,7b0e16d72416ca84bfc0f46da2952eebce061aeda2fbfe5f28709b8784dc7b97
validation,DN50-235-25-6(2),70,a209d206d6c99a7707b27b17492052e60893a3f999a055818ead4d7edf170354
validation,DN50-235-25-6(3),70,a3818b40526ce0ab91cbf797b9786864929608d290f15dc59d6aa74d46e93f68
test,10-1-2(3),60,679ff2c9956128c9834c03fc0e49ba183b3227c97a4a0a5d2e26c0b43a4870b1
test,10-1-3,60,72136258ee161f0bff21805841f9b68d5628f0afadc737e98aa462184cc75c63
test,10-2-1,60,cf1f717de3665f5e556f52d6249aab7b18caf220cb6f4952e98d288f8bb5e945
test,10-2-4,60,f832c8659cb290aad386f4bea9302ff080c3faa40339f6dafc7f25a7f66b6e38
test,10-9-3,60,af3952e021f9c21949bc83b44e249bb1a6a3ac23911c630fb36dd8af59de57f6
test,235-10-12(2),60,bf6807fc05d38e5c61299cb3091c77e7779c1f4471d9c8591e48c181ab9e119a
test,7-1-3(3),60,add770d5303355499f132e48b6dc6dde46a53d34559325b6ac0c1cc32ec73d8e
test,7-1-6(1),60,084c903972ae41f5ea70fdb28212b60e3619dcfe27bb0281491dd1627b1e89db
test,7-1-6(4),60,1d6718cd96f8283d2f22f80200c4b10d59003fb5c7818146e302681d803c9c44
test,DN50-235-25-7(1),60,c5a3dfdfd8e91b9b24527f6be0770f7a0a4d9fc817761c35a088d6e2f33fa738
