role,name,source_sha256,polarity_corrected_sha256
validation,10-1-1(2),52f3782583c93120e87124f6db978f01bcf1c3f24fc89114c4d6618ebdbd7e25,e651d2a6707e11ac1d736510cff9a95285ed7287675cf00838533325a8c211d1
validation,10-1-2(2),9cdb05a96d7cae0ab8edd85b9282a5e85805177ccf6f6f9ea472b14b48b99037,c7ade7330b2ecef31ca7d7fde507fd5c8d1ed3a4f1af005e9e6016e56be227bd
validation,235-10-11(2),4cb3c8646ed0569bb453a15a50838337e233bfd1e3ce8300fa99a55ca7d2662e,f2c717c00b6947606c954c6e81c10e496887fb2f00c0ee1bea44c6650261763e
validation,235-10-11(3),a3e9842e1d97b861f97fc1f4f4714157e19891bb43022d8c17f5d240aa162cad,459f0c67606e43802b3aae840875a0b884316d084549f7bea6cf29fa0a75e697
validation,235-10-12(3),2ed09a771740393ee06674e210ff736af4e1a0801990f12a318fedb4cb57d926,2b0d92ac463c8989e7e2901c2d4ce5c4da19c7e30fb57ff5b652dfa316c4f051
validation,235-25-9(3),d6cc2417759db76c53dd5ec89662ad9ebcbd29cdf68d482c44168c9f2515f030,a28f4fd7933fb5641c4049b32e41e84ca02b25ac75a82ace7417b55bc5f33f7f
validation,447-1-1,229eb77578b57a4e04b652f9cf8ba3f7038dc0749b190b19c5f15c5bf4b92f1b,0d541bf2409ed2dce6def8416fec3d73be42e29cad35d232910b77b024107413
validation,447-1-1(1),122a4ba7e675731dedf42f5fa8a90ffd27e2cdc094aa3ef958e28736954df474,3c97dd86d43712fc744f430fa8ebea23d0e86acc0a8b627cf49eec68f8fea117
validation,DN50-235-25-6(2),a83cda3d9db64b3549542cc3d341011ae0aa7ad1d8db1a3877fcc3be115617b1,c7904f9a4c4692eefc74ea63a3d252e2da654a6a04ce6502b078af368ff671f4
validation,DN50-235-25-6(3),473b581777a272aee1e7ee0872fc9f346fe59d97691cb8f475ff3c7ccd843c6f,a49bf0c52bcb550a5035f9683f657a28269d9e33827bee53726b6a4758c644d1
test,10-1-2(3),796085da0db4cacc03e427054d21d951760232ed1c6a49ba9e40094878cd5e2d,0792730b29d57a1e240c43fa51b89b9b6a097687df9f456b9790fdbf5490612d
test,10-1-3,91cdd0fb61ad2f36851b16049b82d216416424bba14c8834550452386c771dc3,2c5766c6da59fb6b8d5cd6027a57c5771a630e22f3d7d2bfa9193ece34e03fd4
test,10-2-1,523c5ddeef47f43470cae67dad7ab341365698799e8a1a33e76182415f0048c9,07dbef3aeea00ef90a8f17a857ee1fa13e39912653603954745ca75c56a16c72
test,10-2-4,f089e9d8702894259b92954f8e2cef7070b6a07af832fd1690340c8c43648a0f,ceef64c834ac766ea70fc923514ad398e3e743929d4ba58662813dedaefc6f21
test,10-9-3,b25e1c900f34134f4344508e7d58124f21ce36826d1603f1320aa115785ce940,68a42390c0e1de72c607d34dcba5bf9c7e86e52c214babc1933e2719c04cd0c6
test,235-10-12(2),8f84756dfbe6baf0a1bd9573e7565e128a23249f0c0e03ac8629949faefab55e,d2f2db8c4895920a86955cbc495149408e04c78ed7255125ad19c311c7793858
test,7-1-3(3),61c307b5d37e33a9af5b440db3a5d4b9fd20437440502d5f914ee7e70a39443b,7cae1d343b8c110f451fc51eeeddf05bd4f9b6e4612ab7f1abc0e679db406da5
test,7-1-6(1),73cb946db20ffc1d29b7df352485635af51cde243af8160e88cfff72f96417ae,d2374c036215372188c87d8c1d61913a48f1af816fbc24c4de18d9ff5dd2d9bf
test,7-1-6(4),fe2af0d6a07e7b907ae13233f931a087103b42959aa6b27071d9e3c2ab5690c6,7b2b54ccad6073585fd9f2001f1d790f93740f32efc2ecb002af864d6502bfa0
test,DN50-235-25-7(1),bcbe0795965287cd6ce661cb0002e767af8a45527c1c9e814fc28e2cd982186c,57fbd84aab287eab0a3a509f63f125ed144fa26aab1af16d976c75712bc624c6
