sample_name,image_file,annotation_file,mask_file,image_sha256,annotation_sha256,image_pixel_sha256,mask_binary_sha256,width,height,annotation_count,annotation_point_count,foreground_pixels,foreground_ratio,previous_mask_dice_vs_json,included,exclusion_reason
10-1-1,10-1-1.tif,10-1-1.json,10-1-1_mask.png,7e07d182ec84478113aecc168d02c4549fc3f1de101db094c40236330bdeb903,c62b994902c405650074149d57c8cadb0445e405ee59b701537fbfec19150aac,0e2298031a545e12fbf19c2f98a453599109656ce669aef64547ee9da5aa672a,6aeeaf9dfc392c9a944a6c8668c3a11f331498438a92d283b6784c3e02e803a7,2311,3209,75,1045,131215,0.01769350292522963,0.9840922216138782,True,
10-1-1(1),10-1-1(1).tif,10-1-1(1).json,10-1-1(1)_mask.png,1936e492bcfecb5a1f5e9316ffbbd7a6c18507c0a6978a262a17dd774681724b,66b1e9df7e7f6293c0f55d44e2941dc392ae3997df549b4b27b9134335516b34,4702783b6d48b0009f8a1c8845c4c62ca17d379e0b0863fb5a597e32764757e6,71e269dbd65d2f8cb84f06bfb8312c05e8a569a0d5f7c4a12649dcc99026e24b,2311,3209,18,317,126374,0.017040725059428944,0.9947105772712246,True,
10-1-1(2),10-1-1(2).tif,10-1-1(2).json,10-1-1(2)_mask.png,52f3782583c93120e87124f6db978f01bcf1c3f24fc89114c4d6618ebdbd7e25,cb3f9733b5efa6d3846f03f70ac971976ba3004a07dff842809ad4b9734c47a4,df5fa598808e1165adf4c2791b78afb4e91f3f64e74bffd8af797bf5797c8556,f86de231cc884439c3ad0c0b6e1616ff98b7ee7e31d2baf7e0d5d57b0ddd180d,2311,3209,17,187,46847,0.0063170181117877715,0.9913238530556966,True,
10-1-1(3),10-1-1(3).tif,10-1-1(3).json,10-1-1(3)_mask.png,e865c6348ac6259e7557cc014c2c7871c0ce64f217edff421826dea8dedaddf3,b9f4472c1039c9a89336d85c701d72cf2fc8f839899c706da3c616c077083c5d,436a6bb63c6d3a7623160fd6a7ff7401371cab581dc2d70c27414f2efdc6d23d,2c58708a66c916930b68bdcd6d194d00b87f8550116d3ff51b6a0d4ecab5f1a1,2311,3209,16,288,117060,0.0157847917724908,0.9925804071872536,True,
10-1-2,10-1-2.tif,10-1-2.json,10-1-2_mask.png,344d4d49ccf00465bb00631b526336238b782adb8b9f9709bf867a0edbdf3630,2324c4cdfe2da8e5ddc4f1f10e59cdd2df37cacb2ebf304882b311a1fd218357,c21ab711d7aad3059a8e33f38b7737ef18354eeaff916e863b3439c8e9cd97de,1dcb45cc0157cce08c55ac8f6d979773c3b6d54b18cbd5b15b0c7ee682730eeb,2311,3209,90,1148,249800,0.03368393118715361,0.9852660725238186,True,
10-1-2(1),10-1-2(1).tif,10-1-2(1).json,10-1-2(1)_mask.png,1f872bda784d7af01950e61cf515dfbd464c0786382775056293f78e9ff550da,4f18a33bd623b80fa4090d297314498f884d2488f9b4477744adc8e08403ee02,3a7685274867526110c9e2315fa148ddc1d4546c9a8782dd24a6845c68ecac20,e412d79881e2e68e0b1c07379a24ba260bd13d657d3f67a1a1f833bd423c7003,2311,3209,73,976,153283,0.02066923148182733,0.9864813986491052,True,
10-1-2(2),10-1-2(2).tif,10-1-2(2).json,10-1-2(2)_mask.png,9cdb05a96d7cae0ab8edd85b9282a5e85805177ccf6f6f9ea472b14b48b99037,92dbbde25ced583c7147529482324dd5a9d15e5a5a80b03f80eb03bbb86fd05d,295838dd24b535b70c23828efb50d79a1da2bc3c398fa2000723733c121dbee5,86e1cbc47b3a8432e7016d0b615f805decc7375949cdd6e5516aca6def557c80,2311,3209,94,1246,158162,0.02132713340441389,0.9823908668538349,True,
10-1-2(3),10-1-2(3).tif,10-1-2(3).json,10-1-2(3)_mask.png,796085da0db4cacc03e427054d21d951760232ed1c6a49ba9e40094878cd5e2d,5335e1b2fd707418f1141d92ff015ca53f62790471d01573cee7ecea5b13c11a,3aec21ddf2f0c99a21c54cf2f32bf1ae7af76d3c5b46a97f50b1c7cbc5df2933,6e520d893d2c8037a603bebec4220f2e31e56656bf0782c182f9e30072183f4f,2311,3209,62,536,124764,0.016823626864027354,0.9888209489314317,True,
10-1-3,10-1-3.tif,10-1-3.json,10-1-3_mask.png,91cdd0fb61ad2f36851b16049b82d216416424bba14c8834550452386c771dc3,556dbadd3fa9e89f97c00cf19ffacc31c6991b190e430e574bba10d246ed7e7d,b3577e40ee4cff52d87c444f2168538b81e08030ee92c5e8026bbeb62b9d3005,c556522ca4767041e7a38d116b918ad833f7a591bffd9150b88b14d75e183a6a,2311,3209,96,841,143862,0.019398869929728956,0.9871203699891583,True,
10-1-9(1),10-1-9(1).tif,10-1-9(1).json,10-1-9(1)_mask.png,b93e0fd6f0e58d4a15589568dc325093bd8bf30fd61fa4addd4f48a0f1ae6442,7d27648f99c69631cf4c0d6e8a3d6933271f41f85607510fe145b06268aa6e54,b6b52cb840186676d25fcaec4f36ccceff4ae641f99bdb1abe84075b01d7924e,a118ad42349012f6596b21c9d5da8990eac16cf1312dcabd1bd8a69ff1b11628,2311,3209,52,599,156898,0.021156691094483697,0.9838493736968348,True,
10-1-9(2),10-1-9(2).tif,10-1-9(2).json,10-1-9(2)_mask.png,d59601d5495c9a058a46e39d55e54a19416ca512402ea9e8bdd4a83db52ed2fd,9a22c76034648343e3fd4b372878388374474d4b109633a5364be92ab43004b2,c87cb3092ed09a39ff8ac4086af5bd2bbc1e9952d03430ba19acbca39ac8c82d,b8fff4265122ecf1715dfac69e0c44ea6e24e393fdaa67987fd548388cc7b230,2311,3209,61,614,91803,0.012379046976678396,0.9782708313351877,True,
10-1-9(3),10-1-9(3).tif,10-1-9(3).json,10-1-9(3)_mask.png,73da93a33ed3fc7311875456494cab525d0e8694775dd73f04ab89d305d1a40f,1880d8f3f8e88095a3d5b47a72e56a00c148d867d508028131703f3c0f8f83ef,ad39a8e198f2cce36260a8f5e937dbd718e834c0428fe016ace72e2dc0bae251,4869bc265b3bd7c877d99659b9083844d50cafb90300cc727723447e373fce3b,2311,3209,33,387,127784,0.017230854534904874,0.985360286548197,True,
10-2-1,10-2-1.tif,10-2-1.json,10-2-1_mask.png,523c5ddeef47f43470cae67dad7ab341365698799e8a1a33e76182415f0048c9,7c4fb69ae0e47b7c47f287d0f840a84386f9f5ccbde85193b73814e974029db3,fe7ccd6841f3e68da6eaaf60cc339507e25269606784c954ccbd6ec87765335a,a10098102589f100fe2265022f5718911c8cc1aab870cf96fe95d502d27c798f,2311,3209,122,1419,165071,0.02225876783424593,0.9808456211134913,True,
10-2-2,10-2-2.tif,10-2-2.json,10-2-2_mask.png,fd3358fdbeb4bd6b3ec4e9da55bc03a01cb799f3537489569dedc44ec39ea63d,fdba6fe764281e4940500c661ad64bb784ddcfad48a8163f88c8a6c59874886d,929fe3a57bdb4e036352ea8caa095a139741da807c966fa0887a4d25ab2f8f67,4341ce148fef360911e8b5622f55a7d1481a6abc470ca183c2d7885ed1976336,2311,3209,120,1736,252272,0.03401726456543481,0.9840572021501517,True,
10-2-3,10-2-3.tif,10-2-3.json,10-2-3_mask.png,be6ec343714dba41481576a7b01a16df7996eaf02182b601b26022120d729c9f,f8e13fcfa5d4255d5ed207c13eb422a5ad85ec8e0f35176a6f0194554d19798c,629b627f1d2f06518575a1849a9cc4491c94cd8aff88e2ba67f6e62b319f402f,4313733008cbf51f6ddfb2a6bcf836e0db0b45d16983c409a632dc5d4a09a5a6,2311,3209,14,142,30624,0.004129450395017583,0.9817738807046792,True,
10-2-4,10-2-4.tif,10-2-4.json,10-2-4_mask.png,f089e9d8702894259b92954f8e2cef7070b6a07af832fd1690340c8c43648a0f,0bffe77b3fc61d039c1cda3e8e1fdd86693f607c1a8b9f308487b5d8053f8f71,131d87bf58bce9f3a2d0346c28f04a5126307c91f7f6f3e414ccf1f3deffe18b,5bcf31dcfe76d7941028976cf477d0388363ffdba5cd02d607874ad4a3dba545,2311,3209,60,603,87635,0.011817018853427569,0.9878591800155565,True,
10-9-1,10-9-1.tif,10-9-1.json,10-9-1_mask.png,34d828c3436c1b223642fb4393ef3c92e37481c2f3a2ed2ff5c2cb452918cd30,edb5c6096031b9713413b8a221e245cc37a166ea7bceace6d8a7e908169cb3a1,af55b3c7fcd0ede0a51931b7e2c392de296a2cc031acb477e37d8cae82fdfdde,e9ac40bc32d348b8aacfe8819f34f64a1544fcb54fe936d7552d8ce0905454a3,2311,3209,20,356,129345,0.017441345393924675,0.9952792259007752,True,
10-9-2,10-9-2.tif,10-9-2.json,10-9-2_mask.png,e2dec02d0b737e8633799e3d39edbf957cb112a2f3114e016c7b47a527b1f730,2a022cea8708e089a80a8f305fba54e69fed638a3f1fcf7ce08b38d208631400,a7ba6dae8f14b4ab626be37db90313998ade5263ca6e0058bc20fdd671245e78,f5f99d6d4b55a3c4a3e25417c9911c6c00eeb3a1b203a665f4ddf55a75dd21b7,2311,3209,90,1231,222134,0.02995334815983659,0.9830044939295443,True,
10-9-3,10-9-3.tif,10-9-3.json,10-9-3_mask.png,b25e1c900f34134f4344508e7d58124f21ce36826d1603f1320aa115785ce940,cbca16fbbda8e7c688a510d77119ffa7da6d15fb1277a83b77b585b0e6c114c8,f14c47c242aa4a702fb56a9af1ff24244575193739826c5b42c938a147088074,606c237bf7326c809c381e73cc9809d60d39b36180d7ed14df111e70d0279391,2311,3209,52,667,143537,0.01935504575984975,0.9852592417175472,True,
10-9-4,10-9-4.tif,10-9-4.json,10-9-4_mask.png,698402ff1bc072f145cdcc933ef95a5cf5c1cae2f1defd5e4a3cfb3310f4a6a2,a69c3e5b9c6ae43d8a74864c7cb7db6cff60d27e8a7e02fe4d68a64fea0dd3cd,1ce200449f237a66436b0cdebe8afbb70efe0d43c7d63a02b2c6fed649b39542,302b0d020c3d7c68c309bf9107a331656bc6d52b0f969c9ea6b58d365a2b011b,2311,3209,37,571,181602,0.02448786737970164,0.9954394465943848,True,
235-10-11(1),235-10-11(1).tif,235-10-11(1).json,235-10-11(1)_mask.png,5ce01d6301ff0347b049224a4250c6cdac76668bf49145e4f95daefddbb146ac,23aa89f7beef7929cabbb2f63c619dd92bb21cde3a4f18eb3d877e4044857297,e1266c96f0b27e97cef366e510ce3b246eb0537a8999a028eea7257609294293,045a231da25dc29ca45f32beffc2b4d319a585d741ba1efa5aa146cc6afc9e77,2311,3209,18,469,189229,0.025516319514066816,0.9935706090988089,True,
235-10-11(2),235-10-11(2).tif,235-10-11(2).json,235-10-11(2)_mask.png,4cb3c8646ed0569bb453a15a50838337e233bfd1e3ce8300fa99a55ca7d2662e,561c9b74440d2befcedb2a989d1bc7b42734b50908a9e005816ad99ab8efdb85,0bf89843f272b9c795b2efbb3ac577992d54cd149edc9c7837f31808045107ab,44b9256b784e31ede2e25cb2a342dbec2bd2611f36e16727b1196489fa085633,2311,3209,19,462,190672,0.02571089882833048,0.9924217188540972,True,
235-10-11(3),235-10-11(3).tif,235-10-11(3).json,235-10-11(3)_mask.png,a3e9842e1d97b861f97fc1f4f4714157e19891bb43022d8c17f5d240aa162cad,f29a4c5438a3142612b38b73c64be699b65bc01d4b2a668e2627481e649e4fec,602a580dcc4aa105bd3e1b407daf7ed6b3dab3655305c89e0e3ed0cbea5bbf38,ff17a5395030cfb1d14781ec11a690670c6ff4c442507da35b85aaeb82bc7acb,2311,3209,79,1380,261059,0.035202135275368834,0.9870368514881059,True,
235-10-12(1),235-10-12(1).tif,235-10-12(1).json,235-10-12(1)_mask.png,3b0c5dca4523b754266d4674276f46bd98a9b8d7ec12c6febae7a12b0479b130,fb66b673636f50ea4dcd1d7c24083bb037349da7c21cd74da1e424ea8021b512,14d3957e1a5a9596de26b271649232f01fa58e51972f28fcc0f4ecfd345ad8e3,fa52630f7718f994a40ca37efaa9e58d66b76851d08684ed570483ea0549ea4c,2311,3209,54,851,129235,0.01742651259796556,0.9876235637564146,True,
235-10-12(2),235-10-12(2).tif,235-10-12(2).json,235-10-12(2)_mask.png,8f84756dfbe6baf0a1bd9573e7565e128a23249f0c0e03ac8629949faefab55e,69a937512a7bd06807bea40c43b4cbbe2464b8f1e3456eb45ed029728a06920c,1008e9a02311451ef4ad9635c660d267540df6f1514f77d1f2f1f835d62b8853,204f6c3aed508ae40306e4ba0073d9461d9187773c8fa1ce5c4b50d7acab82a7,2311,3209,59,646,115174,0.015530476743591794,0.9885200523571444,True,
235-10-12(3),235-10-12(3).tif,235-10-12(3).json,235-10-12(3)_mask.png,2ed09a771740393ee06674e210ff736af4e1a0801990f12a318fedb4cb57d926,05049c07faeb0b1eb8f9c32dd24787e628bc09ad0a214eddb88796d3465eeed3,7a46636c491cb4cbde0019c25f180f3a9de893299a2a5c50f4b9e0377f5d114e,3c635614c8b0cd85947601411eae3ed0862e35513c3f9f1a235d51c98b19a42e,2311,3209,89,1502,292753,0.03947586832198872,0.9824714485637864,True,
235-25-6(1),235-25-6(1).tif,235-25-6(1).json,235-25-6(1)_mask.png,6c798dd72f82c1c994acfd793641d18694818d6a52e6de523d48173112ff6ffb,20e0bb7ed1aaf3a388b1017df60525bca7405ba9d64d4654472878f2cec07bc5,dd6f9376660d93fe267c319a9b7b52ef58a4e7293b65bd15afd48c34ce827aa9,2efdc4fd80a021eb469b388e5957c891e2920f6ebdb74a8bbb278ed5365a8944,2311,3209,18,243,91585,0.012349651071959422,0.9935721841013262,True,
235-25-6(2),235-25-6(2).tif,235-25-6(2).json,235-25-6(2)_mask.png,eabe2b43002b4b15341002eb3d1db155d24a6632be4c5ecb3be4bf8dc9e8b32a,499fd8f241a100c980fc980a960d77232b0d2f377adf89e9b335753857bd9a97,adb53bdc12fdb0be62179bc0e46a25c84e925d9acdee9cdc8ee9128220204647,d21db21c898eddfb2d75cf76a7c71c714fe07f3703b8efdf08d1f58b07c3914e,2311,3209,34,394,81192,0.010948221541022322,0.9862135143998931,True,
235-25-7(1),235-25-7(1).tif,235-25-7(1).json,235-25-7(1)_mask.png,eca402cb26f6806bd9f1515745bbd7e162b3b3f225ea6f16e9c690883b6993e0,41b9632478ac477035d0d1882d28ffca61c0dbf4c9e5f549ef49fa5bd73b555f,c17fc62a3aeee08e3f9527b54636be68aecc863396bb270a068ea6cf23a70f08,1523201074440054f5979423422ff0827b4a7f0ffbad0f1400e2e0b29cf7bf6b,2311,3209,130,1178,144999,0.019552187102506353,0.9832068108536962,True,
235-25-7(2),235-25-7(2).tif,235-25-7(2).json,235-25-7(2)_mask.png,da1e4f31e22da893e3b94ed3ab9c8af67c681f37c2c43905d02ebee16f9a420d,b1aaa0686f077b67ada71106751379384baa68aae2af3f5c0b9c9b94e6b18ab1,c1a4ce052af2513454c0433b818791deded6c461ab53b2b7865ef903aa595fa6,5390966ce28a2cbba239e934e56a80940ee184ca0b7464fc4b22fb551ccfa4a1,2311,3209,26,424,74946,0.010105988417743853,0.9809172294644259,True,
235-25-7(3),235-25-7(3).tif,235-25-7(3).json,235-25-7(3)_mask.png,1b181ebb3881f742aa75d1f9d9c4230717bb944c251059a9ef96317a4ae749fd,8def1e220a0e844df916b40bce3dfce7ffa1a7ec4e1e6d9f697d3a4d285ee859,27ac25f18d94941d5f3ef55f3326b4af018daa7b67c23fe014faa465250e6097,4a9384a819d8c2b4f2c2926025514946acc35ec9e72e7fa1a11478e30f81db25,2311,3209,31,551,117688,0.015869473553057383,0.9866822047930649,True,
235-25-9(1),235-25-9(1).tif,235-25-9(1).json,235-25-9(1)_mask.png,7f3f5a866b8edcdcbd8fb9e88688ef482dc469e63826bf589a6a3121a8f1e0fb,93d881bbb592cb6742d348eb1d014e39c3fd4edf1947767920ae5311fd9f4262,b7ee6bb143c64dc28c97f721d12be6dee839be7fabee9a1cd9a7cc41de7a033b,c3f54689cbdfed5d40bdb7181850417985cf3260028eeddeb76a896dd3e593ab,2311,3209,49,529,92052,0.012412623032985846,0.9913467699813151,True,
235-25-9(2),235-25-9(2).tif,235-25-9(2).json,235-25-9(2)_mask.png,6937ff79636ac15d728ead430a4476fa6b9b6693ae1645b25812c3ffff0c1773,832779268bf7c442bf2c5e28d8359b4b4d62d705a90bbacd0e308872ff98b694,816439418d5f186901134d2f7ce13e96981b11c4421477d34b2f9caa674b2c88,b7dcc2fc5841946113f6b6233625b19406b56b5a04d3a96f05172108b4ecc460,2311,3209,29,356,81727,0.011020362866823471,0.9917603087153848,True,
235-25-9(3),235-25-9(3).tif,235-25-9(3).json,235-25-9(3)_mask.png,d6cc2417759db76c53dd5ec89662ad9ebcbd29cdf68d482c44168c9f2515f030,b6b95d3dea9ca9a9b742bb85b5f7a042cb4cf335f9caefc634f47b22fe82e946,cddbed193b9a6437e5ec7ca752d08c5c6edf078f7bf6d0916d4206168c68f03a,8dfd1ad779b8950db3107dafaf319e3d8fb7af7a54c3820bab8a38e4a5f0ccda,2311,3209,98,925,125610,0.016937704549312912,0.9860153309338682,True,
447-1-1,447-1-1.tif,447-1-1.json,447-1-1_mask.png,229eb77578b57a4e04b652f9cf8ba3f7038dc0749b190b19c5f15c5bf4b92f1b,ab70224a162559f38e1e5d1a4cd58bbda34ea7099b6507f4d0649bb7ead936d6,1651bb511f1474758b5553a2a6cc493b5d3b931b154e8df29ba51150bc190090,8962ad5f8b1881849b68c6baa0f8fcaae2b94b034f6d6b8ff1539318d70ebb40,2311,3209,143,1444,229352,0.030926649261953786,0.9849391898855945,True,
447-1-1(1),447-1-1(1).tif,447-1-1(1).json,447-1-1(1)_mask.png,122a4ba7e675731dedf42f5fa8a90ffd27e2cdc094aa3ef958e28736954df474,c5682b89d04e998f3845944d2ebbc7025e7efeec154447bc5b29e1632a19fcb3,0cddcc8bce87114bb377c0004418293d80170e657f495d8932f301d7b91f2efb,00088ea969be969d674220eaa243a2995303efeaaedd5ce6ddf139fed590c11d,2311,3209,86,937,136252,0.01837271013655746,0.9845791420973523,True,
7-1-3(1),7-1-3(1).tif,7-1-3(1).json,7-1-3(1)_mask.png,5ef0bc5312f999be4cee6e9d7bece29dd9592e48519702f0bec2f27252ce387e,454887e88d66943a2e7dc8c28589fc602fabbd887df4bded450c087e2d75445f,48a78de970bda4b1606cf2b7f35699779530279c7fd22ff40155f3863616dedb,5514751fac8eaf733245421d5702ef59e3570c6f8ffae673368a653c338ad33b,2311,3209,147,2689,320376,0.04320065307452172,0.9869078094146713,True,
7-1-3(2),7-1-3(2).tif,7-1-3(2).json,7-1-3(2)_mask.png,2413aedbacdf8f4b37e83f85fb2e884852850c8061eaa9b03e3d1b551865dbd4,80f22c8eda00f1ad197bfac1047cd18c6a2bd00340dde65297658467542fd29c,45238451c141a93843bbd8572331b7afba79bb46c574dd55b2e2a899cf3c0c04,afa225b28c648f75062debc6b474db94753f0365693bb0c7711276c4a8655694,2311,3209,97,960,191643,0.025841831963569574,0.9854016475210053,True,
7-1-3(3),7-1-3(3).tif,7-1-3(3).json,7-1-3(3)_mask.png,61c307b5d37e33a9af5b440db3a5d4b9fd20437440502d5f914ee7e70a39443b,3105b98f46a3620ae14870bc82bd58b273f5f5d62701f062564f642badefd332,de13234bf7163adf4ad884283d187c379f91bdfef607b2de16212eacdf9ebecf,c53c5025a45f1af23f12864020d988800e58e5365e9b121a8abf45bcd8266002,2311,3209,128,1736,233484,0.03148382301561799,0.989240386998642,True,
7-1-6(1),7-1-6(1).tif,7-1-6(1).json,7-1-6(1)_mask.png,73cb946db20ffc1d29b7df352485635af51cde243af8160e88cfff72f96417ae,dde9719f396f583829d5851c4f2b26bdb6bd571bf8d80f8be96f27c0026ff07b,1249d960699afd881021dce041ed627b36918b86ec710823819644527b2a635e,e5d9f0f26ea85743a4cfbd2fe22cc03d2c4be031353f5f6ee5f522819d1df928,2311,3209,110,1822,258717,0.034886331565039314,0.9880840987644891,True,
7-1-6(2),7-1-6(2).tif,7-1-6(2).json,7-1-6(2)_mask.png,96c5fe9d75f7c3904ab00d8ba46fa0d198554b4a374a0a48cfa8e40ff679040d,3bc08bdd3e6c87e3a05fb46c7863b61163751fc8051cbf0edd85274932373028,b351e6d0bae3e59ba9a71cad0c58a3742350fa9c3b924736ed5680059919800a,6ff72eb053e1890e27ccfb430473779b03585cad50a8ca987ae8689da8731a28,2311,3209,187,2352,397551,0.053607207875837094,0.990593541313665,True,
7-1-6(3),7-1-6(3).tif,7-1-6(3).json,7-1-6(3)_mask.png,2ee05fcc0e6ca6c67aa3237f04fed8356023000d559b73588b6d718ce2592c80,d7babed6ab8dffafb0ead7707a16758ba3a7f8e239f001cc3bedfbb7806c552c,eeff48d43ddc8ea0ae566b68b8b3237eb773607132250ecf92f492e534f53ac0,3c90dbf50fce9e3563dc0ef353ce1f20cc082d5d53d3971b34ee23aac1cf4ad4,2311,3209,53,851,252939,0.0341072052463869,0.9925909938192877,True,
7-1-6(4),7-1-6(4).tif,7-1-6(4).json,7-1-6(4)_mask.png,fe2af0d6a07e7b907ae13233f931a087103b42959aa6b27071d9e3c2ab5690c6,c7416548c2fefaf1092fb3116d266a7fd8acedb4741f95c0c71c9bc52fab0133,baedc145fa64abe45b14501c3bc48dc96d4c87c3c3cff9be99c76dcb9ef2ee33,a651303564a17c7c4cdd1860ee057daace84f2b1946262eb29fa6faf737fed81,2311,3209,144,2905,314895,0.042461575304958914,0.9839069254431806,True,
DN50-235-25-6(2),DN50-235-25-6(2).tif,DN50-235-25-6(2).json,DN50-235-25-6(2)_mask.png,a83cda3d9db64b3549542cc3d341011ae0aa7ad1d8db1a3877fcc3be115617b1,708cecce473c56a774b140739582f121e514307842c4cc34b67a969871fe12e3,5bfbaf558809ac561e2b0921090e00e1a28f981b99435c608a31dfdfd488ca75,8a2d9ff31d5101403a10a9d6cc0763a3617103d3b170d6577cd43183cde08214,2311,3209,40,631,106619,0.014376889748771542,0.9814106547002647,True,
DN50-235-25-6(3),DN50-235-25-6(3).tif,DN50-235-25-6(3).json,DN50-235-25-6(3)_mask.png,473b581777a272aee1e7ee0872fc9f346fe59d97691cb8f475ff3c7ccd843c6f,ff2317b6ee79556f054ff90435ef9f8af279200cfd583584920853d02f1dc61c,7a19526ae69ed6f1798e3b6c836d0f0c89c00fe273f48f2ab7fbc02dcd4d3bff,51b997a0ff2b0a5664bd110abea04ded3c9a9e6690cdee175b18f9e9c315a606,2311,3209,33,423,83573,0.011269284151737346,0.9855597157935081,True,
DN50-235-25-7(1),DN50-235-25-7(1).tif,DN50-235-25-7(1).json,DN50-235-25-7(1)_mask.png,bcbe0795965287cd6ce661cb0002e767af8a45527c1c9e814fc28e2cd982186c,23647a9c6b4b99c8411e87ec348c773d50868a01671b72441202384eaa2263b3,2c9ef666026a931ca5eabe0eb0b2406d6bfe004a495528e674bbaab0f87b791a,1d72f326ac9d07b39704e692d38d2e53b6d2e74962bfeae1c504ba87df07e0b6,2311,3209,32,378,73003,0.009843987303666034,0.9868137364234203,True,
W82-447-1-13-3(1),W82-447-1-13-3(1).tif,W82-447-1-13-3(1).json,W82-447-1-13-3(1)_mask.png,ddfafeaa3f7b3856673d6a7c5592f46d5a92d45b49ec940c39c5bea8e7e1ec7f,19856dca60e42ba410ee6d1d3e5f58570cef1c4ea8ae00ed32a1443bb54ee0a4,5f795042a3d88b3b1322ecd99626f197c1736d820b9010eac05501f909846146,81bae771b9df3373337318855b9f1df4bd33ca2338717b41ae7ce56e252c0197,2311,3209,24,457,237697,0.03205191910085209,0.9908892515679617,True,
W82-447-1-13-7(1),W82-447-1-13-7(1).tif,W82-447-1-13-7(1).json,W82-447-1-13-7(1)_mask.png,d694d14ff775015d269d6f15acb5acab29d5534dca9f7d3da435fbc048331248,a31a84ab2fe4d4c424ddc192e811dd7ecfedbc2a73fa387a67122519d3e756a1,138ab46dfd0fedd1d312925236dfc4de89b45f315839afca627e18cc48754adb,35da6e9022c580084f7d3e0853f7c6ba89bc4a684f168139a8d35ff93d76846f,2311,3209,70,927,266577,0.035946202258117885,0.9932393033259498,True,
W82-447-1-13-7(2),W82-447-1-13-7(2).tif,W82-447-1-13-7(2).json,W82-447-1-13-7(2)_mask.png,f6b385e3e08ba7ddb2bd3a3bdef5a4d16010be84c53ab7b8abf257678345afa8,6e943f05e1c07e023034650fa3557d8dc1dd37fa687910ff2516ee76ccf451eb,78501b10014154e9ef7e2c5cbf90759f13774cb78fa25bc27cd97d5a7b164c0c,4850c1146ccc7a233349e344233916ad33a40e21b9ff4422309059bd8c43a842,2311,3209,18,395,107923,0.014552725802686867,0.9902871640996701,True,
W82-447-1-13-7(3),W82-447-1-13-7(3).tif,W82-447-1-13-7(3).json,W82-447-1-13-7(3)_mask.png,62008ea1cc88a44d11c9d632a0ec36778d836e30be8ee124982a71da3f859165,839008165c684cefed57d3407bafc3c56a757be56bdc518e9a50f2c3b09840ab,5cf89e3ce6459303bf90642b0c97f5386473eb4d3354134c612444b3a42c01d6,3c0cfd9be79c8a43e9686554a5a0bade5871bca5c43c2bcd5e1f9c49083629f9,2311,3209,43,840,609607,0.0822016022386195,0.9942159576940484,True,
