sample_name,fold,source,config,seed,mask_path,source_sha256,extractor,scale_status,length_unit,closing_kernel,pruning_iterations,min_component_pixels,dominant_path_length,retained_segment_count,junction_region_count,mean_local_acute_angle_deg,valid_angle_n,angle_failure_reason,path_status
10-1-1,3,annotation_mask,annotation,reference,external-data/10-1-1_mask.png,8664187dcbcab44c4dae8da26d028efb21268d9709753c186a39d03660a06fc7,fast_equivalent_v1,unknown,pixel,5,15,10,3519.0348468227903,134,121,64.6739875375559,133,zero_length_angle_vector,ok
10-1-1(1),3,annotation_mask,annotation,reference,external-data/10-1-1(1)_mask.png,c95c0337715266ccd3aad838a4ef3ab80e74ba76f5d714ecb44e5a5615b3ce7c,fast_equivalent_v1,unknown,pixel,5,15,10,2848.0794359760534,35,28,45.23478785039287,35,,ok
10-1-1(2),1,annotation_mask,annotation,reference,external-data/10-1-1(2)_mask.png,6c74e98b918771eb646a7e1d44c8ef0b3c96078814c8b8db61045d1816697d12,fast_equivalent_v1,unknown,pixel,5,15,10,1262.4823227814104,25,23,46.29442229680335,25,,ok
10-1-1(3),2,annotation_mask,annotation,reference,external-data/10-1-1(3)_mask.png,49a1138291b2427ae244c26c8d481f7bf7c311eb24e2003613787dba24d6ff37,fast_equivalent_v1,unknown,pixel,5,15,10,2611.2834046956673,36,23,44.403113779145116,36,,ok
10-1-2,2,annotation_mask,annotation,reference,external-data/10-1-2_mask.png,353a8fded79e4327f12b6866ba2014151a10168db01aad99108b5fae01f5e4ac,fast_equivalent_v1,unknown,pixel,5,15,10,3713.5222202381024,171,124,58.66827912377103,169,zero_length_angle_vector,ok
10-1-2(1),4,annotation_mask,annotation,reference,external-data/10-1-2(1)_mask.png,dca0abd7cde7ab357484642e540a2d1fa449818245a1cd800eb7c824264f02ad,fast_equivalent_v1,unknown,pixel,5,15,10,3355.4095218658804,118,111,64.3632990483418,117,zero_length_angle_vector,ok
10-1-2(2),1,annotation_mask,annotation,reference,external-data/10-1-2(2)_mask.png,4b38a74ce55736e7f197e42aeba61399727ea00792e40e895bf41a3d30fe7957,fast_equivalent_v1,unknown,pixel,5,15,10,3058.3027406794067,191,175,65.94127676600104,191,,ok
10-1-2(3),0,annotation_mask,annotation,reference,external-data/10-1-2(3)_mask.png,0508c3be24e6c021d5aacff3b5010997bb235211f0adc484cda889c0830022b8,fast_equivalent_v1,unknown,pixel,5,15,10,2345.481456229622,115,84,50.491311152922826,115,,ok
10-1-3,0,annotation_mask,annotation,reference,external-data/10-1-3_mask.png,2cd8dd3611b047ab44310b595f5423ee107fb5f6bbd6f0ce078f5a1c70656dd8,fast_equivalent_v1,unknown,pixel,5,15,10,2813.8023074034836,172,123,50.036178890454096,172,,ok
10-1-9(1),3,annotation_mask,annotation,reference,external-data/10-1-9(1)_mask.png,6bdc1df0f3e1a66f56d545bec926abaf60b6bca31c0f8ea06ad939681c464d8a,fast_equivalent_v1,unknown,pixel,5,15,10,3092.5058428472184,106,91,62.85401304883498,102,zero_length_angle_vector,ok
10-1-9(2),3,annotation_mask,annotation,reference,external-data/10-1-9(2)_mask.png,e68f65f812ffdebb564961ebaea365b072d4546ab06227eea2987e2d586b741c,fast_equivalent_v1,unknown,pixel,5,15,10,3383.6256838943486,71,68,74.17544013119233,69,zero_length_angle_vector,ok
10-1-9(3),4,annotation_mask,annotation,reference,external-data/10-1-9(3)_mask.png,a679e2e7ed9fdcb61509a97389dcfc4f21915719e2fb5feb5bf89f66c0d48f13,fast_equivalent_v1,unknown,pixel,5,15,10,3197.890619158038,41,28,72.9003576118845,40,zero_length_angle_vector,ok
10-2-1,0,annotation_mask,annotation,reference,external-data/10-2-1_mask.png,fa084051c73ad9c7523229d0a267965c6c54c6c2f9b135b697a09f5f4d254434,fast_equivalent_v1,unknown,pixel,5,15,10,3683.691701072309,226,188,56.550116513732696,226,,ok
10-2-2,3,annotation_mask,annotation,reference,external-data/10-2-2_mask.png,888178f6e1d682dbadbaecc08afac163678dd08a3e69f328f11b072009899c8c,fast_equivalent_v1,unknown,pixel,5,15,10,3768.2156544140043,329,293,59.493993970760265,329,,ok
10-2-3,3,annotation_mask,annotation,reference,external-data/10-2-3_mask.png,c128b6196f3a108faac4ed970bea2b3e2ee4f4c0090aafd759b5f39cfd31c0d6,fast_equivalent_v1,unknown,pixel,5,15,10,782.7442994522875,27,18,44.17449818904469,27,,ok
10-2-4,0,annotation_mask,annotation,reference,external-data/10-2-4_mask.png,3c60314b040a032dd526925859d6800fc466b21b8dedb28d643c17c54668bc8b,fast_equivalent_v1,unknown,pixel,5,15,10,2714.1433611129814,104,93,63.03310962332985,104,,ok
10-9-1,2,annotation_mask,annotation,reference,external-data/10-9-1_mask.png,f909c402c7b2db20640a01e33f844ebeccd8ec430131c4fad30fd8305345ea91,fast_equivalent_v1,unknown,pixel,5,15,10,2670.711903607907,60,47,45.79801641663758,60,,ok
10-9-2,4,annotation_mask,annotation,reference,external-data/10-9-2_mask.png,97a6fbf3a148ba0641a27177bb2768e92fcab2d7f8bf002f6c2735617daf5cf2,fast_equivalent_v1,unknown,pixel,5,15,10,3136.0378054156913,222,205,60.533940641282705,222,,ok
10-9-3,0,annotation_mask,annotation,reference,external-data/10-9-3_mask.png,a23e4c9ae8b5cd333c9ee04c6a4a84de25c4388307e8463b068e3f8f45f8c58d,fast_equivalent_v1,unknown,pixel,5,15,10,3235.23794899067,102,94,62.02962831732245,101,zero_length_angle_vector,ok
10-9-4,2,annotation_mask,annotation,reference,external-data/10-9-4_mask.png,775edf7906167ea9e9ba868605a76fc739ed5aa32d5a1c9e3ec9a9a84e402ead,fast_equivalent_v1,unknown,pixel,5,15,10,3795.486865800912,82,63,43.610163723088185,82,,ok
235-10-11(1),3,annotation_mask,annotation,reference,external-data/235-10-11(1)_mask.png,9d52d033268cd4a5d237049ac4f43033746bfe49685933fe46cc01355c7ffcc7,fast_equivalent_v1,unknown,pixel,5,15,10,2994.397328557098,39,31,53.361302278251465,39,,ok
235-10-11(2),1,annotation_mask,annotation,reference,external-data/235-10-11(2)_mask.png,5b712c674961fc82b6cbf219207fe1d3e1b0be3e2a6b4ba1f8eea53b3cdecde8,fast_equivalent_v1,unknown,pixel,5,15,10,2805.9057710597435,44,32,43.25362958365755,44,,ok
235-10-11(3),1,annotation_mask,annotation,reference,external-data/235-10-11(3)_mask.png,fa60085f010979fe70bd85f42f583537392b69473bae643033aaace4f1bfd685,fast_equivalent_v1,unknown,pixel,5,15,10,3903.799348810616,195,171,59.57250840324565,194,zero_length_angle_vector,ok
235-10-12(1),4,annotation_mask,annotation,reference,external-data/235-10-12(1)_mask.png,18b9363d37a62a519d147178d26a24d6b4b802b892db690b5190ad39f8a39884,fast_equivalent_v1,unknown,pixel,5,15,10,2001.4427842621224,134,112,53.181513697065846,134,,ok
235-10-12(2),0,annotation_mask,annotation,reference,external-data/235-10-12(2)_mask.png,3f320f9a413c704ff148c35538663d08b34fdafa0044a66241f691b28db5db7b,fast_equivalent_v1,unknown,pixel,5,15,10,3327.9141392239435,98,79,62.31932305515474,98,,ok
235-10-12(3),1,annotation_mask,annotation,reference,external-data/235-10-12(3)_mask.png,06cb03ea2bad65c89fe30627bf1d69fb7bd50a7bc6f48ee697c5830e39ef08b3,fast_equivalent_v1,unknown,pixel,5,15,10,3338.9221484506097,248,210,56.12825058978015,247,zero_length_angle_vector,ok
235-25-6(1),2,annotation_mask,annotation,reference,external-data/235-25-6(1)_mask.png,81d217e87b63701eb36c3a0b141a738b1f3dd596f793222514893c0a771fc94d,fast_equivalent_v1,unknown,pixel,5,15,10,2364.349421873661,27,21,63.4461979910307,27,,ok
235-25-6(2),4,annotation_mask,annotation,reference,external-data/235-25-6(2)_mask.png,07fd844e7f853a14fb82235228caf5997075e001697d881b5a753f8be11ad9ff,fast_equivalent_v1,unknown,pixel,5,15,10,1377.430590953303,90,63,48.93734100767138,90,,ok
235-25-7(1),2,annotation_mask,annotation,reference,external-data/235-25-7(1)_mask.png,7497c2c9ff553aa7c2dd4141a59b027c8c75f67dc2bccba4cc857927d6dbf16d,fast_equivalent_v1,unknown,pixel,5,15,10,2998.8439379638457,230,208,56.8053052093956,230,,ok
235-25-7(2),2,annotation_mask,annotation,reference,external-data/235-25-7(2)_mask.png,2131528edadfa652c430e59c756f4b7a69ff50f6d858967b29f0984a2a5a1f3d,fast_equivalent_v1,unknown,pixel,5,15,10,1249.092495836678,94,74,51.18427192297171,94,,ok
235-25-7(3),2,annotation_mask,annotation,reference,external-data/235-25-7(3)_mask.png,2c8b120debe12fd303a7f06497770c03ad10375f80aac91a1feeabe828c5d6e3,fast_equivalent_v1,unknown,pixel,5,15,10,3042.988165628605,86,69,40.34148473985392,85,zero_length_angle_vector,ok
235-25-9(1),4,annotation_mask,annotation,reference,external-data/235-25-9(1)_mask.png,a44aabe48936de7e267908875859f9c440963c013122db96ca7e12819915e47a,fast_equivalent_v1,unknown,pixel,5,15,10,3126.4490603852128,81,71,56.36650915301412,81,,ok
235-25-9(2),4,annotation_mask,annotation,reference,external-data/235-25-9(2)_mask.png,078e2f40e0375f4163f04a89f798c84e04ad144ea99252428ef60b382a208150,fast_equivalent_v1,unknown,pixel,5,15,10,1133.901586977666,72,58,48.80355339734289,72,,ok
235-25-9(3),1,annotation_mask,annotation,reference,external-data/235-25-9(3)_mask.png,04c79fb7e355280d60cd560ee7fce5e6be4db79fc76c2cc62ba5beb9dc7281f5,fast_equivalent_v1,unknown,pixel,5,15,10,3014.9961748553196,162,148,63.95431651066043,162,,ok
447-1-1,1,annotation_mask,annotation,reference,external-data/447-1-1_mask.png,67a3ba2f50251e390c617a86eba391a70dc650351761a8b7c955b3e97cd90123,fast_equivalent_v1,unknown,pixel,5,15,10,3911.385135248214,293,271,61.706177398538195,293,,ok
447-1-1(1),1,annotation_mask,annotation,reference,external-data/447-1-1(1)_mask.png,0d1ba7e5e04b19e049d833c898b8b5dfd329ae106055ed93825b5e45ffe6aa84,fast_equivalent_v1,unknown,pixel,5,15,10,3219.268252793949,138,130,67.79905715669001,138,,ok
7-1-3(1),4,annotation_mask,annotation,reference,external-data/7-1-3(1)_mask.png,bba8ccc94987683932ee1142fbfdf5f18f0e90a532fe1e011e5e0387316a0102,fast_equivalent_v1,unknown,pixel,5,15,10,3591.411613906912,415,370,52.19068191429416,415,,ok
7-1-3(2),4,annotation_mask,annotation,reference,external-data/7-1-3(2)_mask.png,28862657685f711ee260dae48d326375279a0325e0e0c82a6692a9516004f3bb,fast_equivalent_v1,unknown,pixel,5,15,10,2479.356564548581,239,201,52.02063707468777,239,,ok
7-1-3(3),0,annotation_mask,annotation,reference,external-data/7-1-3(3)_mask.png,eb3582ff4719e2750a945bfec7af39008d621c1fbaba7f242e61cf5fb5af1392,fast_equivalent_v1,unknown,pixel,5,15,10,3139.476405595674,234,206,55.62685066639042,233,zero_length_angle_vector,ok
7-1-6(1),0,annotation_mask,annotation,reference,external-data/7-1-6(1)_mask.png,cba0254b9e9151f7e11554a8e70e85d3aae5e2a96042767c54979c286faeb9a4,fast_equivalent_v1,unknown,pixel,5,15,10,3188.726188957766,300,268,57.71657823171459,300,,ok
7-1-6(2),3,annotation_mask,annotation,reference,external-data/7-1-6(2)_mask.png,e3aea5a1ab8ea31c284842492594be58ed37bba1e364b53dc239f9c47cd34693,fast_equivalent_v1,unknown,pixel,5,15,10,4815.678641211786,436,321,45.76167325566849,417,zero_length_angle_vector,ok
7-1-6(3),2,annotation_mask,annotation,reference,external-data/7-1-6(3)_mask.png,175aad97304bc1efcc5da1ef9c37712fdcee8d0161a6f80fd823a18cef9139a0,fast_equivalent_v1,unknown,pixel,5,15,10,3149.346463280794,113,82,52.34419986077857,111,zero_length_angle_vector,ok
7-1-6(4),0,annotation_mask,annotation,reference,external-data/7-1-6(4)_mask.png,c0fc24472241d6b39ede8026e685b39939da6b7eb296c7092ba9ef7c6acbe239,fast_equivalent_v1,unknown,pixel,5,15,10,2934.7922061357463,402,320,45.58572184508618,402,,ok
DN50-235-25-6(2),1,annotation_mask,annotation,reference,external-data/DN50-235-25-6(2)_mask.png,26158010911e4857cbb5605c765e186f4f05e7d62b2dcff5cd35f9038e6d54e6,fast_equivalent_v1,unknown,pixel,5,15,10,1654.4398256692953,104,97,48.376302759478975,104,,ok
DN50-235-25-6(3),1,annotation_mask,annotation,reference,external-data/DN50-235-25-6(3)_mask.png,1c99a68f93f5396eb9701167417e60c3f506eddaae41784653661a85b4318891,fast_equivalent_v1,unknown,pixel,5,15,10,956.9015869776664,110,90,55.84661373210531,110,,ok
DN50-235-25-7(1),0,annotation_mask,annotation,reference,external-data/DN50-235-25-7(1)_mask.png,1d15d42a8683193e72d4801bf8661ed463c57674766c0904ac6147226c6fad64,fast_equivalent_v1,unknown,pixel,5,15,10,835.1076477383253,86,71,53.845303485648856,86,,ok
W82-447-1-13-3(1),3,annotation_mask,annotation,reference,external-data/W82-447-1-13-3(1)_mask.png,e400970fc4f5749000b5101345fe28f7835a0cd40cd105ff701d3d5565a3fd20,fast_equivalent_v1,unknown,pixel,5,15,10,2963.730373039836,76,50,45.41755671898957,76,,ok
W82-447-1-13-7(1),4,annotation_mask,annotation,reference,external-data/W82-447-1-13-7(1)_mask.png,d7caafd48ba702bb9ca2578cb356a3cab186bfab19d8fbb7f0fc5a6ba0ddb53b,fast_equivalent_v1,unknown,pixel,5,15,10,2599.841845922817,161,124,45.765543776284055,161,,ok
W82-447-1-13-7(2),3,annotation_mask,annotation,reference,external-data/W82-447-1-13-7(2)_mask.png,8401bb2188e5c3832e902ef0e29c7a72c6580cd0868364d9f97716efdec87255,fast_equivalent_v1,unknown,pixel,5,15,10,2569.818684794427,37,28,56.21991760625045,36,zero_length_angle_vector,ok
W82-447-1-13-7(3),2,annotation_mask,annotation,reference,external-data/W82-447-1-13-7(3)_mask.png,4b63fae36f1e264804fc841b3fbba41c7e9f5be06b268aa37989d57f23a39479,fast_equivalent_v1,unknown,pixel,5,15,10,3607.1963184303277,125,86,42.04523834094305,120,zero_length_angle_vector,ok
