config,trait,reference_type,n_distinct_images,n_training_seeds,n_valid_pairs_min_seed,n_valid_pairs_max_seed,mae_seed_mean,mae_seed_sd,bias_estimate_minus_reference_seed_mean,bias_estimate_minus_reference_seed_sd,rmse_seed_mean,rmse_seed_sd,ccc_seed_mean,ccc_seed_sd,mape_percent_nonzero_reference_seed_mean,mape_percent_nonzero_reference_seed_sd,n_mape_seed_mean,n_mape_seed_sd
attunet_cl_fixed,dominant_path_length,annotation_mask_same_extractor,50,3,50,50,1210.5235329511422,56.25986308059216,-1137.2016003439442,51.9564784253668,1416.4419698505226,53.21708590396007,0.32085661070562477,0.04726807029921039,41.24731338566942,1.6700354306531908,50.0,0.0
attunet_cl_fixed,retained_segment_count,annotation_mask_same_extractor,50,3,50,50,97.42666666666668,3.9789613385069855,95.46666666666665,3.023794525647096,133.10913868317317,8.493279610118535,0.5750854788970722,0.022854067519593492,100.52797794098804,3.5490256183398885,50.0,0.0
attunet_cl_fixed,junction_region_count,annotation_mask_same_extractor,50,3,50,50,111.70666666666666,5.322643453523203,109.85333333333334,4.540234942525916,154.55610923978955,10.277822969255855,0.43014733410910205,0.033934341344799814,147.826200070238,5.67222259555182,50.0,0.0
attunet_cl_fixed,mean_local_acute_angle_deg,annotation_mask_same_extractor,50,3,50,50,6.844292277603319,0.41966839373997966,-3.985140444188487,0.323266346534891,8.723517319349348,0.33189042684721676,0.2610965219872239,0.0971708690668907,12.069554170794097,0.7311774707037435,50.0,0.0
attunet_cl_schedule,dominant_path_length,annotation_mask_same_extractor,50,3,50,50,1200.1580856153607,130.61636481637282,-1132.746677299912,143.5723366257074,1408.2966420222147,136.8046582122034,0.33301872107107605,0.04871189211351335,41.13770375300501,4.819495360186112,50.0,0.0
attunet_cl_schedule,retained_segment_count,annotation_mask_same_extractor,50,3,50,50,107.38,12.126598863655053,97.74,22.311109340416046,149.1603340405516,16.194509049878572,0.4998629216200792,0.10631914790179336,109.67686093565317,10.951464675677592,50.0,0.0
attunet_cl_schedule,junction_region_count,annotation_mask_same_extractor,50,3,50,50,126.09999999999998,19.143134539567956,118.90000000000002,22.647233826672952,179.2253468083217,32.08461612915477,0.3381582624845995,0.14189791829587123,174.6363880493424,25.915753596957696,50.0,0.0
attunet_cl_schedule,mean_local_acute_angle_deg,annotation_mask_same_extractor,50,3,50,50,7.275070197093153,0.29385423984288206,-4.14118051241062,0.535301603188188,8.947788170681138,0.41127990723199503,0.2520827945207787,0.0371675168838143,12.911468853754007,0.46664127108408326,50.0,0.0
attunet_pixel,dominant_path_length,annotation_mask_same_extractor,50,3,50,50,1243.4513862689778,152.14498342028057,-1079.983289906084,374.90354954369064,1460.2877812509553,106.52981153227678,0.2741539681545719,0.007762488155739619,44.93780709005089,2.5565707398875257,50.0,0.0
attunet_pixel,retained_segment_count,annotation_mask_same_extractor,50,3,50,50,62.4,16.145723892102204,48.34666666666667,22.388768017319162,97.93036694330517,31.977567848796802,0.6745590175816943,0.12988379877396247,64.48117696040266,15.8527933578958,50.0,0.0
attunet_pixel,junction_region_count,annotation_mask_same_extractor,50,3,50,50,61.65333333333333,23.828355657353555,43.199999999999996,29.65643943564365,101.41187167583014,52.355595926390166,0.6124945528188962,0.19716940020920107,75.43265329062717,24.060226043385835,50.0,0.0
attunet_pixel,mean_local_acute_angle_deg,annotation_mask_same_extractor,50,3,50,50,8.028059581763587,0.909767338176204,-5.624839393255499,1.8582712852313803,9.949727968721135,1.1480274349779098,0.20860820125456928,0.0629149035142358,14.096355967120758,1.3021362828623595,50.0,0.0
unet_pixel,dominant_path_length,annotation_mask_same_extractor,50,3,50,50,1258.7750231359373,243.15057047521594,-982.5772104126469,569.0922288356622,1486.5114022277746,172.63303200529717,0.20703905086547802,0.05408020369558329,48.03207324523597,0.9953761299061483,50.0,0.0
unet_pixel,retained_segment_count,annotation_mask_same_extractor,50,3,50,50,68.16666666666667,26.714657649562596,51.84666666666667,35.000264760903356,93.83902768733584,31.5630373070008,0.6893669559831116,0.11336059813009414,73.70206831265612,32.59561235967956,50.0,0.0
unet_pixel,junction_region_count,annotation_mask_same_extractor,50,3,50,50,62.126666666666665,28.01854623875645,43.446666666666665,37.382912317439015,87.72689104258622,37.4101441056207,0.6435530135215517,0.17510244739287165,86.8154097419112,50.570051362582745,50.0,0.0
unet_pixel,mean_local_acute_angle_deg,annotation_mask_same_extractor,50,3,50,50,7.986761392198255,1.5239046767041968,-6.051786644534091,1.5857615634185127,9.984933009899416,1.6506344712129517,0.24054160577680175,0.14983245167924036,13.956975642218305,2.644350402963289,50.0,0.0
