config,seed,fold,trait,reference_type,unit,n_predictions,n_valid_pairs,n_invalid_pairs,n_zero_reference,n_mape,mae,bias_estimate_minus_reference,rmse,ccc,mape_percent_nonzero_reference,mean_reference,mean_estimate
attunet_cl_fixed,42,0,dominant_path_length,annotation_mask_same_extractor,pixel,10,10,0,0,10,1378.752380466449,-1038.6035205760031,1467.309074005132,0.24095585710413636,47.23597625026979,2821.8373362460525,1783.2338156700491
attunet_cl_fixed,42,0,retained_segment_count,annotation_mask_same_extractor,count,10,10,0,0,10,39.9,35.3,46.580038643178476,0.910577764003109,24.993149659499068,183.9,219.2
attunet_cl_fixed,42,0,junction_region_count,annotation_mask_same_extractor,count,10,10,0,0,10,36.4,30.4,45.18849411078001,0.8863788114845315,26.56276044925875,152.6,183.0
attunet_cl_fixed,42,0,mean_local_acute_angle_deg,annotation_mask_same_extractor,degree,10,10,0,0,10,5.15228033588932,-4.898390151017836,6.636739970761313,0.3248475142757117,8.736884982657337,55.72341217817568,50.82502202715783
attunet_cl_fixed,42,1,dominant_path_length,annotation_mask_same_extractor,pixel,10,10,0,0,10,1610.1361466505173,-1610.1361466505173,1797.0328943771317,0.16567919520332278,55.35144337194045,2712.6403307326227,1102.504184082106
attunet_cl_fixed,42,1,retained_segment_count,annotation_mask_same_extractor,count,10,10,0,0,10,137.0,137.0,160.47803588030357,0.4462463392292707,111.81743302085505,151.0,288.0
attunet_cl_fixed,42,1,junction_region_count,annotation_mask_same_extractor,count,10,10,0,0,10,165.9,165.9,195.91758471357286,0.3326507484961747,163.1405381156442,134.7,300.6
attunet_cl_fixed,42,1,mean_local_acute_angle_deg,annotation_mask_same_extractor,degree,10,10,0,0,10,10.590204151936732,-6.761860213092928,11.624192476333334,-0.08422079137774187,17.987948706080058,56.88725551969607,50.12539530660314
attunet_cl_fixed,42,2,dominant_path_length,annotation_mask_same_extractor,pixel,10,10,0,0,10,956.1468755306156,-956.1468755306156,1156.3195290223298,0.2584147139377743,30.451860426450033,2920.28211973565,1964.1352442050345
attunet_cl_fixed,42,2,retained_segment_count,annotation_mask_same_extractor,count,10,10,0,0,10,128.6,128.6,183.0218566182739,0.22375117027094668,143.4283297165416,102.4,231.0
attunet_cl_fixed,42,2,junction_region_count,annotation_mask_same_extractor,count,10,10,0,0,10,145.4,145.4,193.04662649215086,0.13353232461277847,231.3923560482373,79.7,225.1
attunet_cl_fixed,42,2,mean_local_acute_angle_deg,annotation_mask_same_extractor,degree,10,10,0,0,10,7.150140067362966,0.5683296649089129,8.18059232431947,0.07353049876849635,14.775063984857994,49.864627110761546,50.43295677567046
attunet_cl_fixed,42,3,dominant_path_length,annotation_mask_same_extractor,pixel,10,10,0,0,10,1417.7325245516333,-1417.7325245516333,1583.908866208774,0.3765053334566069,46.69504883125594,3073.7830791009847,1656.050554549352
attunet_cl_fixed,42,3,retained_segment_count,annotation_mask_same_extractor,count,10,10,0,0,10,93.0,93.0,114.99826085641469,0.7502257008057236,134.61702996594548,129.0,222.0
attunet_cl_fixed,42,3,junction_region_count,annotation_mask_same_extractor,count,10,10,0,0,10,96.0,96.0,118.26918449029739,0.6680130387169387,173.78728808050644,104.9,200.9
attunet_cl_fixed,42,3,mean_local_acute_angle_deg,annotation_mask_same_extractor,degree,10,10,0,0,10,5.743410098373605,-3.485867497174471,7.119947775508278,0.6215010216303402,9.754477243881027,55.13671705869409,51.65084956151962
attunet_cl_fixed,42,4,dominant_path_length,annotation_mask_same_extractor,pixel,10,10,0,0,10,996.9702520214711,-959.4345955666128,1298.196909548728,0.21768471911445217,35.70981196319576,2599.917199339622,1640.4826037730097
attunet_cl_fixed,42,4,retained_segment_count,annotation_mask_same_extractor,count,10,10,0,0,10,77.6,77.6,100.64492038846272,0.6972815890280939,80.54189230869018,157.3,234.9
attunet_cl_fixed,42,4,junction_region_count,annotation_mask_same_extractor,count,10,10,0,0,10,85.4,85.4,102.01470482239313,0.6562076536164102,111.49963196897299,134.3,219.7
attunet_cl_fixed,42,4,mean_local_acute_angle_deg,annotation_mask_same_extractor,degree,10,10,0,0,10,7.946295692994198,-5.968952937410288,10.690929756470334,-0.12211360926068603,13.105257433473788,55.50633773218692,49.537384794776635
attunet_cl_fixed,3407,0,dominant_path_length,annotation_mask_same_extractor,pixel,10,10,0,0,10,1448.0400138472776,-1293.7376618407018,1633.2608281361727,0.17085407006691808,49.287964917791484,2821.8373362460525,1528.0996744053505
attunet_cl_fixed,3407,0,retained_segment_count,annotation_mask_same_extractor,count,10,10,0,0,10,53.7,51.1,74.75760830845246,0.8223706166349359,32.345915004819545,183.9,235.0
attunet_cl_fixed,3407,0,junction_region_count,annotation_mask_same_extractor,count,10,10,0,0,10,54.2,54.2,90.36592278065886,0.7181537170161154,36.466294931488704,152.6,206.8
attunet_cl_fixed,3407,0,mean_local_acute_angle_deg,annotation_mask_same_extractor,degree,10,10,0,0,10,5.040312448995488,-4.652309885314014,7.084716775287725,0.34153801011501816,8.611293877305698,55.72341217817568,51.07110229286165
attunet_cl_fixed,3407,1,dominant_path_length,annotation_mask_same_extractor,pixel,10,10,0,0,10,1058.6912047182493,-1016.6672365088182,1250.8663473137005,0.4577622839468054,37.299653612888896,2712.6403307326227,1695.9730942238045
attunet_cl_fixed,3407,1,retained_segment_count,annotation_mask_same_extractor,count,10,10,0,0,10,164.8,164.8,205.16334955347165,0.3588950794603338,128.41675717015983,151.0,315.8
attunet_cl_fixed,3407,1,junction_region_count,annotation_mask_same_extractor,count,10,10,0,0,10,220.6,220.6,260.93562424475505,0.2389457369609291,218.15383900151204,134.7,355.3
attunet_cl_fixed,3407,1,mean_local_acute_angle_deg,annotation_mask_same_extractor,degree,10,10,0,0,10,8.048098338038912,-7.667795071593446,10.031792535305094,0.3056895606653539,13.189596385263542,56.88725551969607,49.21946044810262
attunet_cl_fixed,3407,2,dominant_path_length,annotation_mask_same_extractor,pixel,10,10,0,0,10,1124.3563343183837,-1124.3563343183837,1273.0729950628759,0.26241706663075864,37.01800452756176,2920.28211973565,1795.9257854172665
attunet_cl_fixed,3407,2,retained_segment_count,annotation_mask_same_extractor,count,10,10,0,0,10,105.6,95.0,157.03311752620846,0.21913711601890828,118.5659215069459,102.4,197.4
attunet_cl_fixed,3407,2,junction_region_count,annotation_mask_same_extractor,count,10,10,0,0,10,101.1,89.7,144.10586386403574,0.1502143850353598,159.5665342055778,79.7,169.4
attunet_cl_fixed,3407,2,mean_local_acute_angle_deg,annotation_mask_same_extractor,degree,10,10,0,0,10,7.106841411020137,-0.19034350350673818,7.95501580340633,0.08989702316728225,14.471445850260563,49.864627110761546,49.67428360725481
attunet_cl_fixed,3407,3,dominant_path_length,annotation_mask_same_extractor,pixel,10,10,0,0,10,1220.5277338832993,-1006.0891337032677,1340.597181399496,0.5207692108259995,39.74819817044459,3073.7830791009847,2067.6939453977166
attunet_cl_fixed,3407,3,retained_segment_count,annotation_mask_same_extractor,count,10,10,0,0,10,124.3,124.3,149.72140795490805,0.6509469658631379,179.81521949291994,129.0,253.3
attunet_cl_fixed,3407,3,junction_region_count,annotation_mask_same_extractor,count,10,10,0,0,10,146.6,146.6,171.58787835974894,0.4977936448100761,263.2312589043846,104.9,251.5
attunet_cl_fixed,3407,3,mean_local_acute_angle_deg,annotation_mask_same_extractor,degree,10,10,0,0,10,3.7680928449236433,-2.090969002132506,5.3115161418901184,0.798570111511561,6.265877191219552,55.13671705869409,53.04574805656159
attunet_cl_fixed,3407,4,dominant_path_length,annotation_mask_same_extractor,pixel,10,10,0,0,10,1139.0229432149288,-1139.0229432149288,1431.1525629744872,0.15732720344090664,40.75704176026388,2599.917199339622,1460.8942561246938
attunet_cl_fixed,3407,4,retained_segment_count,annotation_mask_same_extractor,count,10,10,0,0,10,61.7,59.3,83.78723053067216,0.7715009403213303,63.71692483380279,157.3,216.6
attunet_cl_fixed,3407,4,junction_region_count,annotation_mask_same_extractor,count,10,10,0,0,10,58.4,52.6,72.131823767322,0.7769906467228385,77.99678462018957,134.3,186.9
attunet_cl_fixed,3407,4,mean_local_acute_angle_deg,annotation_mask_same_extractor,degree,10,10,0,0,10,8.60570481329831,-6.537990112032969,10.53054464174745,0.09474342604421764,14.665981057622254,55.50633773218692,48.96834762015395
attunet_cl_fixed,2026,0,dominant_path_length,annotation_mask_same_extractor,pixel,10,10,0,0,10,1257.6717672116397,-1193.096327139637,1417.514731680011,0.2230823863079362,42.463646392657274,2821.8373362460525,1628.741009106415
attunet_cl_fixed,2026,0,retained_segment_count,annotation_mask_same_extractor,count,10,10,0,0,10,116.7,116.7,127.14361958037847,0.6201288584573172,74.45576935186276,183.9,300.6
attunet_cl_fixed,2026,0,junction_region_count,annotation_mask_same_extractor,count,10,10,0,0,10,145.1,145.1,162.2975662171186,0.45122883656471613,110.2506776695771,152.6,297.7
attunet_cl_fixed,2026,0,mean_local_acute_angle_deg,annotation_mask_same_extractor,degree,10,10,0,0,10,6.014807681228104,-5.830256217358743,7.752012490211803,0.24562615616807165,10.274935563118195,55.72341217817568,49.89315596081693
attunet_cl_fixed,2026,1,dominant_path_length,annotation_mask_same_extractor,pixel,10,10,0,0,10,908.2780879378333,-879.2045814642017,1120.8628008182022,0.5177190658991475,31.299206541454673,2712.6403307326227,1833.4357492684217
attunet_cl_fixed,2026,1,retained_segment_count,annotation_mask_same_extractor,count,10,10,0,0,10,75.5,75.5,97.74507660235373,0.6311998425069192,64.54737496026335,151.0,226.5
attunet_cl_fixed,2026,1,junction_region_count,annotation_mask_same_extractor,count,10,10,0,0,10,45.2,45.2,65.86045854683978,0.7437427407758376,49.10551838378675,134.7,179.9
attunet_cl_fixed,2026,1,mean_local_acute_angle_deg,annotation_mask_same_extractor,degree,10,10,0,0,10,9.3649304628203,-7.414572505375571,11.76330435454273,0.09363383984049249,15.873070711378448,56.88725551969607,49.472683014320495
attunet_cl_fixed,2026,2,dominant_path_length,annotation_mask_same_extractor,pixel,10,10,0,0,10,927.8480082063206,-914.2731598528839,1158.9511560083038,0.26084543482116185,29.53942688938389,2920.28211973565,2006.008959882766
attunet_cl_fixed,2026,2,retained_segment_count,annotation_mask_same_extractor,count,10,10,0,0,10,127.1,127.1,181.31767702019567,0.22483784032311685,141.23673334662743,102.4,229.5
attunet_cl_fixed,2026,2,junction_region_count,annotation_mask_same_extractor,count,10,10,0,0,10,141.4,141.4,199.3343924163615,0.12537645779028253,225.9550139488902,79.7,221.1
attunet_cl_fixed,2026,2,mean_local_acute_angle_deg,annotation_mask_same_extractor,degree,10,10,0,0,10,6.654437252062289,1.6476361561345023,7.492979803430706,0.1825213075745645,14.011101406371171,49.864627110761546,51.51226326689605
attunet_cl_fixed,2026,3,dominant_path_length,annotation_mask_same_extractor,pixel,10,10,0,0,10,1169.5797108092656,-965.4239533417101,1283.7581200389945,0.551070646699621,39.40236509278342,3073.7830791009847,2108.359125759275
attunet_cl_fixed,2026,3,retained_segment_count,annotation_mask_same_extractor,count,10,10,0,0,10,112.7,112.7,134.5908615025552,0.6776210298145423,167.1746357471483,129.0,241.7
attunet_cl_fixed,2026,3,junction_region_count,annotation_mask_same_extractor,count,10,10,0,0,10,133.4,133.4,158.95596874606503,0.5096210688851686,240.8088493116782,104.9,238.3
attunet_cl_fixed,2026,3,mean_local_acute_angle_deg,annotation_mask_same_extractor,degree,10,10,0,0,10,5.215724481321917,-2.918452320613718,6.415006773683838,0.6769934308477745,8.88927053900879,55.13671705869409,52.21826473808038
attunet_cl_fixed,2026,4,dominant_path_length,annotation_mask_same_extractor,pixel,10,10,0,0,10,1544.099010899248,-1544.099010899248,1803.954792867396,0.06258937744700985,56.450052036699404,2599.917199339622,1055.8181884403743
attunet_cl_fixed,2026,4,retained_segment_count,annotation_mask_same_extractor,count,10,10,0,0,10,43.2,34.0,56.84012667121705,0.8804311702038681,42.24658302873937,157.3,191.3
attunet_cl_fixed,2026,4,junction_region_count,annotation_mask_same_extractor,count,10,10,0,0,10,100.5,95.9,173.02687652500694,0.3084913491836548,129.47565541386524,134.3,230.2
attunet_cl_fixed,2026,4,mean_local_acute_angle_deg,annotation_mask_same_extractor,degree,10,10,0,0,10,6.263104083783873,-3.57531306724749,9.084873441497189,0.01785072759353279,10.431107629413036,55.50633773218692,51.931024664939436
attunet_cl_schedule,42,0,dominant_path_length,annotation_mask_same_extractor,pixel,10,10,0,0,10,1384.203051406357,-1336.8217238840562,1584.880095963452,0.18320365634908958,47.01165714802495,2821.8373362460525,1485.0156123619959
attunet_cl_schedule,42,0,retained_segment_count,annotation_mask_same_extractor,count,10,10,0,0,10,42.4,-41.0,51.87870468699079,0.8454211604268064,22.012425376066727,183.9,142.9
attunet_cl_schedule,42,0,junction_region_count,annotation_mask_same_extractor,count,10,10,0,0,10,31.2,-25.4,38.217796901443705,0.8778983059915599,21.07177665114717,152.6,127.2
attunet_cl_schedule,42,0,mean_local_acute_angle_deg,annotation_mask_same_extractor,degree,10,10,0,0,10,5.838380015733085,-5.838380015733085,7.024995545519288,0.41286007237420436,10.144466508935416,55.72341217817568,49.885032162442585
attunet_cl_schedule,42,1,dominant_path_length,annotation_mask_same_extractor,pixel,10,10,0,0,10,1428.298260738009,-1393.6340905032234,1672.5855071063193,0.2767890158483841,50.48589947361197,2712.6403307326227,1319.0062402293995
attunet_cl_schedule,42,1,retained_segment_count,annotation_mask_same_extractor,count,10,10,0,0,10,102.5,102.5,132.89808125025735,0.5111285184026749,85.2947899762085,151.0,253.5
attunet_cl_schedule,42,1,junction_region_count,annotation_mask_same_extractor,count,10,10,0,0,10,101.4,101.4,135.16656391282572,0.45531723075767255,103.87247482789283,134.7,236.1
attunet_cl_schedule,42,1,mean_local_acute_angle_deg,annotation_mask_same_extractor,degree,10,10,0,0,10,11.761136420183474,-6.566107658824754,12.667470331844841,-0.19779846752433855,20.427105257065467,56.88725551969607,50.321147860871314
attunet_cl_schedule,42,2,dominant_path_length,annotation_mask_same_extractor,pixel,10,10,0,0,10,1256.155324191612,-1256.155324191612,1427.4158485413377,0.2423351229381093,42.75095896826042,2920.28211973565,1664.126795544038
attunet_cl_schedule,42,2,retained_segment_count,annotation_mask_same_extractor,count,10,10,0,0,10,237.7,237.7,307.2088865902157,0.11922381221068082,268.9745917145568,102.4,340.1
attunet_cl_schedule,42,2,junction_region_count,annotation_mask_same_extractor,count,10,10,0,0,10,348.3,348.3,428.43307528714445,0.044507928212213,570.0263136074068,79.7,428.0
attunet_cl_schedule,42,2,mean_local_acute_angle_deg,annotation_mask_same_extractor,degree,10,10,0,0,10,7.06480596741616,-0.032250245874615044,8.224111680107885,0.03425532204558164,14.382686738161969,49.864627110761546,49.83237686488694
attunet_cl_schedule,42,3,dominant_path_length,annotation_mask_same_extractor,pixel,10,10,0,0,10,1255.7100715323872,-1048.5401005024573,1377.1762755341404,0.4987101546120303,41.65328575552983,3073.7830791009847,2025.2429785985278
attunet_cl_schedule,42,3,retained_segment_count,annotation_mask_same_extractor,count,10,10,0,0,10,102.9,102.9,119.31680518686376,0.7431704241435857,144.96586880080451,129.0,231.9
attunet_cl_schedule,42,3,junction_region_count,annotation_mask_same_extractor,count,10,10,0,0,10,117.4,117.4,137.35719857364595,0.6130597016455883,201.94815684191164,104.9,222.3
attunet_cl_schedule,42,3,mean_local_acute_angle_deg,annotation_mask_same_extractor,degree,10,10,0,0,10,6.473187069554555,-4.095989031312462,7.9004234497217105,0.5241101356462632,10.959627163755503,55.13671705869409,51.04072802738164
attunet_cl_schedule,42,4,dominant_path_length,annotation_mask_same_extractor,pixel,10,10,0,0,10,1376.2416156926174,-1376.2416156926174,1577.334713305458,0.09981934724304348,49.56636991784554,2599.917199339622,1223.675583647005
attunet_cl_schedule,42,4,retained_segment_count,annotation_mask_same_extractor,count,10,10,0,0,10,36.8,-21.4,52.39656477289327,0.8361626223528752,31.56266236407831,157.3,135.9
attunet_cl_schedule,42,4,junction_region_count,annotation_mask_same_extractor,count,10,10,0,0,10,34.2,-15.8,49.3254498205541,0.8179069401929452,36.86066598127296,134.3,118.5
attunet_cl_schedule,42,4,mean_local_acute_angle_deg,annotation_mask_same_extractor,degree,10,10,0,0,10,6.2446746213640605,-3.561002689573801,8.17324592654437,0.24387823958766616,10.414163651178898,55.50633773218692,51.945335042613124
attunet_cl_schedule,3407,0,dominant_path_length,annotation_mask_same_extractor,pixel,10,10,0,0,10,774.0106273571947,-741.074379183771,955.6612330960695,0.4904235658964502,26.978296101251075,2821.8373362460525,2080.762957062281
attunet_cl_schedule,3407,0,retained_segment_count,annotation_mask_same_extractor,count,10,10,0,0,10,95.3,95.3,108.4366174315669,0.7016755490402927,56.982262919377035,183.9,279.2
attunet_cl_schedule,3407,0,junction_region_count,annotation_mask_same_extractor,count,10,10,0,0,10,113.2,113.2,129.04572832914695,0.5606566511466912,81.94391964150523,152.6,265.8
attunet_cl_schedule,3407,0,mean_local_acute_angle_deg,annotation_mask_same_extractor,degree,10,10,0,0,10,5.0337271130457095,-4.876381770907338,6.623153026175195,0.3318750532710688,8.53080143653602,55.72341217817568,50.847030407268335
attunet_cl_schedule,3407,1,dominant_path_length,annotation_mask_same_extractor,pixel,10,10,0,0,10,1381.1715580075331,-1346.4789606480017,1650.6823703203822,0.2675845342195622,47.6011709388008,2712.6403307326227,1366.1613700846217
attunet_cl_schedule,3407,1,retained_segment_count,annotation_mask_same_extractor,count,10,10,0,0,10,70.7,70.5,95.90985350838568,0.6411145747582058,58.54256906379732,151.0,221.5
attunet_cl_schedule,3407,1,junction_region_count,annotation_mask_same_extractor,count,10,10,0,0,10,49.9,49.5,75.03132679088115,0.6956198278295079,51.1051170291705,134.7,184.2
attunet_cl_schedule,3407,1,mean_local_acute_angle_deg,annotation_mask_same_extractor,degree,10,10,0,0,10,10.944536945264563,-7.669172580230631,12.163700349675402,-0.01132812804341434,18.629902958931684,56.88725551969607,49.21808293946544
attunet_cl_schedule,3407,2,dominant_path_length,annotation_mask_same_extractor,pixel,10,10,0,0,10,1676.2562835569493,-1676.2562835569493,1801.692112537855,0.10332566231167874,56.64542417855801,2920.28211973565,1244.0258361787005
attunet_cl_schedule,3407,2,retained_segment_count,annotation_mask_same_extractor,count,10,10,0,0,10,117.8,115.0,175.52264811129075,0.22297426812560656,130.6773488923739,102.4,217.4
attunet_cl_schedule,3407,2,junction_region_count,annotation_mask_same_extractor,count,10,10,0,0,10,149.8,149.8,214.77709375070702,0.11118561378967506,237.0965256260323,79.7,229.5
attunet_cl_schedule,3407,2,mean_local_acute_angle_deg,annotation_mask_same_extractor,degree,10,10,0,0,10,8.122759941138563,-0.314851431225847,9.024416657086379,-0.10176272694763508,16.391386767577643,49.864627110761546,49.5497756795357
attunet_cl_schedule,3407,3,dominant_path_length,annotation_mask_same_extractor,pixel,10,10,0,0,10,1110.9436718399395,-905.3192852222822,1214.4879288118414,0.5277292420849595,35.822321449515634,3073.7830791009847,2168.463793878703
attunet_cl_schedule,3407,3,retained_segment_count,annotation_mask_same_extractor,count,10,10,0,0,10,129.4,129.4,155.71512450625983,0.6388507424894624,180.07024810968434,129.0,258.4
attunet_cl_schedule,3407,3,junction_region_count,annotation_mask_same_extractor,count,10,10,0,0,10,155.9,155.9,182.99043690859912,0.4758247438334211,274.92614851788466,104.9,260.8
attunet_cl_schedule,3407,3,mean_local_acute_angle_deg,annotation_mask_same_extractor,degree,10,10,0,0,10,4.3578577978544235,-2.9598028236064295,5.271542434306232,0.8279641650580204,7.680196285636262,55.13671705869409,52.176914235087665
attunet_cl_schedule,3407,4,dominant_path_length,annotation_mask_same_extractor,pixel,10,10,0,0,10,951.8243358561871,-930.7414931437019,1375.7079074173444,0.24471241853278802,34.820411756968866,2599.917199339622,1669.1757061959204
attunet_cl_schedule,3407,4,retained_segment_count,annotation_mask_same_extractor,count,10,10,0,0,10,71.7,71.7,99.41277583892324,0.7356601608576221,65.27585887234217,157.3,229.0
attunet_cl_schedule,3407,4,junction_region_count,annotation_mask_same_extractor,count,10,10,0,0,10,65.0,64.0,85.65278746193844,0.7557043064425147,79.33526699134849,134.3,198.3
attunet_cl_schedule,3407,4,mean_local_acute_angle_deg,annotation_mask_same_extractor,degree,10,10,0,0,10,8.595623213114076,-7.815256811566987,11.540256316681447,0.06730979592794092,14.198199280852716,55.50633773218692,47.69108092061994
attunet_cl_schedule,2026,0,dominant_path_length,annotation_mask_same_extractor,pixel,10,10,0,0,10,1286.3462838120397,-1133.238044355159,1394.6898128452438,0.24718867195587893,43.69757997142741,2821.8373362460525,1688.599291890893
attunet_cl_schedule,2026,0,retained_segment_count,annotation_mask_same_extractor,count,10,10,0,0,10,88.1,88.1,101.3296600211409,0.7282246473672649,52.422861773638814,183.9,272.0
attunet_cl_schedule,2026,0,junction_region_count,annotation_mask_same_extractor,count,10,10,0,0,10,101.1,101.1,118.12070097997217,0.6013692156751825,73.48430653206594,152.6,253.7
attunet_cl_schedule,2026,0,mean_local_acute_angle_deg,annotation_mask_same_extractor,degree,10,10,0,0,10,5.851692216482022,-5.824705965354377,7.173149977807148,0.3907666973080552,10.135544146212968,55.72341217817568,49.898706212821295
attunet_cl_schedule,2026,1,dominant_path_length,annotation_mask_same_extractor,pixel,10,10,0,0,10,1057.1859448802606,-1022.1158871951709,1260.3513701236582,0.44648186055534367,36.873774607732315,2712.6403307326227,1690.5244435374523
attunet_cl_schedule,2026,1,retained_segment_count,annotation_mask_same_extractor,count,10,10,0,0,10,150.2,150.2,187.2378166931029,0.3799828804674622,123.01259211334647,151.0,301.2
attunet_cl_schedule,2026,1,junction_region_count,annotation_mask_same_extractor,count,10,10,0,0,10,176.8,176.8,214.60242309908804,0.28286491528300506,184.86209116465528,134.7,311.5
attunet_cl_schedule,2026,1,mean_local_acute_angle_deg,annotation_mask_same_extractor,degree,10,10,0,0,10,9.00556280820264,-4.799523551178828,10.000233131131381,0.07379088342439785,15.667924695378623,56.88725551969607,52.08773196851725
attunet_cl_schedule,2026,2,dominant_path_length,annotation_mask_same_extractor,pixel,10,10,0,0,10,680.7072652238328,-664.2436867076174,836.4644377300198,0.4494843780104095,21.53741959168256,2920.28211973565,2256.038433028033
attunet_cl_schedule,2026,2,retained_segment_count,annotation_mask_same_extractor,count,10,10,0,0,10,156.9,156.9,204.87874462715746,0.1871908781683838,182.2127788785257,102.4,259.3
attunet_cl_schedule,2026,2,junction_region_count,annotation_mask_same_extractor,count,10,10,0,0,10,194.1,194.1,236.28986436155066,0.08726490894865505,331.75614496506887,79.7,273.8
attunet_cl_schedule,2026,2,mean_local_acute_angle_deg,annotation_mask_same_extractor,degree,10,10,0,0,10,7.401167044378241,0.708959124930859,8.640269572944439,0.005065455808847355,15.420951916414724,49.864627110761546,50.57358623569241
attunet_cl_schedule,2026,3,dominant_path_length,annotation_mask_same_extractor,pixel,10,10,0,0,10,1345.6741551119883,-1140.8414423822617,1433.45465903371,0.4493533591872523,43.601209421655355,3073.7830791009847,1932.9416367187237
attunet_cl_schedule,2026,3,retained_segment_count,annotation_mask_same_extractor,count,10,10,0,0,10,93.6,93.6,113.13708498984761,0.751377137573907,135.85863330554545,129.0,222.6
attunet_cl_schedule,2026,3,junction_region_count,annotation_mask_same_extractor,count,10,10,0,0,10,110.9,110.9,131.00877833183546,0.6077449534298118,199.08412492367646,104.9,215.8
attunet_cl_schedule,2026,3,mean_local_acute_angle_deg,annotation_mask_same_extractor,degree,10,10,0,0,10,5.029984121426699,-3.4040285309172327,6.255592386387945,0.6949797819745243,8.40963967173679,55.13671705869409,51.73268852777687
attunet_cl_schedule,2026,4,dominant_path_length,annotation_mask_same_extractor,pixel,10,10,0,0,10,1037.6428350235014,-1019.4978423297978,1290.4826775042773,0.26322708943556317,38.01977701421042,2599.917199339622,1580.4193570098246
attunet_cl_schedule,2026,4,retained_segment_count,annotation_mask_same_extractor,count,10,10,0,0,10,114.7,114.7,136.54925851135187,0.5864900767997374,107.28742187445133,157.3,272.0
attunet_cl_schedule,2026,4,junction_region_count,annotation_mask_same_extractor,count,10,10,0,0,10,142.3,142.3,159.0537644949028,0.4682831232999019,172.1727874390971,134.3,276.6
attunet_cl_schedule,2026,4,mean_local_acute_angle_deg,annotation_mask_same_extractor,degree,10,10,0,0,10,7.400957661239028,-5.069213704783783,9.822994342131071,0.04432349629805995,12.279436327935448,55.50633773218692,50.437124027403144
attunet_pixel,42,0,dominant_path_length,annotation_mask_same_extractor,pixel,10,10,0,0,10,1390.4177700321163,-1242.5403963617455,1530.9665119393928,0.20915227357078126,47.54828565740311,2821.8373362460525,1579.2969398843065
attunet_pixel,42,0,retained_segment_count,annotation_mask_same_extractor,count,10,10,0,0,10,29.7,16.9,34.13942003022313,0.9475464521059278,18.072386289973267,183.9,200.8
attunet_pixel,42,0,junction_region_count,annotation_mask_same_extractor,count,10,10,0,0,10,28.9,17.5,39.80829059379465,0.9097909828553344,19.54179433368441,152.6,170.1
attunet_pixel,42,0,mean_local_acute_angle_deg,annotation_mask_same_extractor,degree,10,10,0,0,10,7.302452262479105,-7.119618904323991,8.640909619456675,0.25565768964506713,12.707980609435515,55.72341217817568,48.60379327385168
attunet_pixel,42,1,dominant_path_length,annotation_mask_same_extractor,pixel,10,10,0,0,10,1557.7544366137474,-1557.7544366137474,1798.3510167690088,0.1299919820507972,51.26776591198347,2712.6403307326227,1154.885894118876
attunet_pixel,42,1,retained_segment_count,annotation_mask_same_extractor,count,10,10,0,0,10,28.2,17.8,38.62900464676769,0.9022815381391451,25.893637877066638,151.0,168.8
attunet_pixel,42,1,junction_region_count,annotation_mask_same_extractor,count,10,10,0,0,10,30.8,-12.8,35.04283093587046,0.8842463855274046,26.394594160211664,134.7,121.9
attunet_pixel,42,1,mean_local_acute_angle_deg,annotation_mask_same_extractor,degree,10,10,0,0,10,11.607099314776525,-10.029763989840362,13.520151103889246,-0.03845793374110346,19.319162101930623,56.88725551969607,46.8574915298557
attunet_pixel,42,2,dominant_path_length,annotation_mask_same_extractor,pixel,10,10,0,0,10,1130.7327845171653,-1130.7327845171653,1284.9342603634145,0.2463312092458454,36.944236561376975,2920.28211973565,1789.5493352184847
attunet_pixel,42,2,retained_segment_count,annotation_mask_same_extractor,count,10,10,0,0,10,74.8,54.6,100.85236734950747,0.39803274031461955,76.90797422037005,102.4,157.0
attunet_pixel,42,2,junction_region_count,annotation_mask_same_extractor,count,10,10,0,0,10,63.0,44.0,86.13361713059541,0.36684014057702125,82.0245820535399,79.7,123.7
attunet_pixel,42,2,mean_local_acute_angle_deg,annotation_mask_same_extractor,degree,10,10,0,0,10,7.23346176972912,1.2111339333628024,9.049072489362134,0.09402691168441762,15.069094137719278,49.864627110761546,51.07576104412435
attunet_pixel,42,3,dominant_path_length,annotation_mask_same_extractor,pixel,10,10,0,0,10,1290.2193211160397,-1290.2193211160397,1425.6922742265056,0.44960624088579576,42.83201937704589,3073.7830791009847,1783.5637579849456
attunet_pixel,42,3,retained_segment_count,annotation_mask_same_extractor,count,10,10,0,0,10,42.3,31.9,58.48162104456408,0.8992461356720116,68.21190256038258,129.0,160.9
attunet_pixel,42,3,junction_region_count,annotation_mask_same_extractor,count,10,10,0,0,10,35.9,27.5,47.91763767132098,0.8994921422561979,67.8778338773273,104.9,132.4
attunet_pixel,42,3,mean_local_acute_angle_deg,annotation_mask_same_extractor,degree,10,10,0,0,10,4.800783392060613,-3.160923432172136,6.188470336793802,0.7248185624091421,8.177591611271168,55.13671705869409,51.97579362652196
attunet_pixel,42,4,dominant_path_length,annotation_mask_same_extractor,pixel,10,10,0,0,10,1041.234804770723,-1038.580980901562,1400.2927781540168,0.26017120351142914,38.765767507163496,2599.917199339622,1561.3362184380603
attunet_pixel,42,4,retained_segment_count,annotation_mask_same_extractor,count,10,10,0,0,10,46.5,-8.5,58.42516581063335,0.8065810602995657,43.12866385357559,157.3,148.8
attunet_pixel,42,4,junction_region_count,annotation_mask_same_extractor,count,10,10,0,0,10,42.4,-18.6,57.90336777770357,0.7594866063422423,45.23783567386485,134.3,115.7
attunet_pixel,42,4,mean_local_acute_angle_deg,annotation_mask_same_extractor,degree,10,10,0,0,10,7.318562661441453,-6.2534637507878985,9.00647617093579,0.3943230756749346,12.6417078614777,55.50633773218692,49.25287398139903
attunet_pixel,3407,0,dominant_path_length,annotation_mask_same_extractor,pixel,10,10,0,0,10,1399.0657931061487,-1274.5350139748311,1547.5647329029293,0.19387355797316727,47.28924616634768,2821.8373362460525,1547.3023222712209
attunet_pixel,3407,0,retained_segment_count,annotation_mask_same_extractor,count,10,10,0,0,10,21.9,4.1,28.44819853699,0.9584452260532462,14.38762215430307,183.9,188.0
attunet_pixel,3407,0,junction_region_count,annotation_mask_same_extractor,count,10,10,0,0,10,23.9,5.3,30.35951251255527,0.9403392577652175,15.832030178780077,152.6,157.9
attunet_pixel,3407,0,mean_local_acute_angle_deg,annotation_mask_same_extractor,degree,10,10,0,0,10,6.156863642771361,-5.730546348038314,7.2804693893872505,0.28182067662028415,10.638017955035203,55.72341217817568,49.992865830137355
attunet_pixel,3407,1,dominant_path_length,annotation_mask_same_extractor,pixel,10,10,0,0,10,1411.4566301776606,-1411.4566301776606,1602.1399152496203,0.2824546602441077,49.518416713607465,2712.6403307326227,1301.1837005549623
attunet_pixel,3407,1,retained_segment_count,annotation_mask_same_extractor,count,10,10,0,0,10,52.6,50.2,80.87892185235903,0.7169303468808418,41.71249484966727,151.0,201.2
attunet_pixel,3407,1,junction_region_count,annotation_mask_same_extractor,count,10,10,0,0,10,37.9,26.3,57.78494613651552,0.7836347495901561,36.9607394063373,134.7,161.0
attunet_pixel,3407,1,mean_local_acute_angle_deg,annotation_mask_same_extractor,degree,10,10,0,0,10,10.216226236033538,-8.35529740390392,11.354980621869618,0.15602931082469362,17.361602735957106,56.88725551969607,48.53195811579215
attunet_pixel,3407,2,dominant_path_length,annotation_mask_same_extractor,pixel,10,10,0,0,10,626.5489106518796,376.5019423077065,806.973994701534,0.01754226353098257,30.855146419924466,2920.28211973565,3296.7840620433562
attunet_pixel,3407,2,retained_segment_count,annotation_mask_same_extractor,count,10,10,0,0,10,154.4,154.4,195.56482301272894,0.20173255444079785,181.52977537485958,102.4,256.8
attunet_pixel,3407,2,junction_region_count,annotation_mask_same_extractor,count,10,10,0,0,10,126.4,125.0,164.42262618021888,0.14573947246849786,212.94890090252986,79.7,204.7
attunet_pixel,3407,2,mean_local_acute_angle_deg,annotation_mask_same_extractor,degree,10,10,0,0,10,8.534932684750823,-6.884871587189338,10.916884817038664,-0.061717614010772866,15.790105631456196,49.864627110761546,42.97975552357221
attunet_pixel,3407,3,dominant_path_length,annotation_mask_same_extractor,pixel,10,10,0,0,10,687.4924748105901,232.6737602808078,998.4393490022854,-0.002461776964654378,45.11206650115488,3073.7830791009847,3306.4568393817926
attunet_pixel,3407,3,retained_segment_count,annotation_mask_same_extractor,count,10,10,0,0,10,52.9,52.9,69.19609815589315,0.8695479227003122,90.13960336636293,129.0,181.9
attunet_pixel,3407,3,junction_region_count,annotation_mask_same_extractor,count,10,10,0,0,10,47.1,30.5,57.862768685917544,0.851689791087301,87.59588987275426,104.9,135.4
attunet_pixel,3407,3,mean_local_acute_angle_deg,annotation_mask_same_extractor,degree,10,10,0,0,10,11.176450876707317,-9.379574178317537,13.43254415361296,0.08316415431820368,18.826323901073856,55.13671705869409,45.75714288037656
attunet_pixel,3407,4,dominant_path_length,annotation_mask_same_extractor,pixel,10,10,0,0,10,1254.0260961441845,-1172.9032247167165,1538.850035470993,0.12911542568699433,44.48486122898439,2599.917199339622,1427.0139746229058
attunet_pixel,3407,4,retained_segment_count,annotation_mask_same_extractor,count,10,10,0,0,10,56.1,51.3,75.70402895487135,0.8144659035653912,53.219850160715986,157.3,208.6
attunet_pixel,3407,4,junction_region_count,annotation_mask_same_extractor,count,10,10,0,0,10,52.0,51.8,70.6257743320383,0.8002286076799044,67.73015999584243,134.3,186.1
attunet_pixel,3407,4,mean_local_acute_angle_deg,annotation_mask_same_extractor,degree,10,10,0,0,10,9.242961028689075,-8.135663695236989,12.240964499389621,-0.03821804137526646,15.268472938123203,55.50633773218692,47.37067403694993
attunet_pixel,2026,0,dominant_path_length,annotation_mask_same_extractor,pixel,10,10,0,0,10,1444.5493500861187,-1282.1121784411048,1583.1380425334557,0.16936409113418355,48.76585944423263,2821.8373362460525,1539.7251578049472
attunet_pixel,2026,0,retained_segment_count,annotation_mask_same_extractor,count,10,10,0,0,10,26.5,13.9,31.652803983217662,0.9504541170210555,18.226834049205152,183.9,197.8
attunet_pixel,2026,0,junction_region_count,annotation_mask_same_extractor,count,10,10,0,0,10,23.3,4.3,28.197517621237512,0.949180015621185,16.162239474834053,152.6,156.9
attunet_pixel,2026,0,mean_local_acute_angle_deg,annotation_mask_same_extractor,degree,10,10,0,0,10,6.558135990829561,-6.558135990829561,8.871892554218087,0.1911940135651881,11.196427821269047,55.72341217817568,49.165276187346116
attunet_pixel,2026,1,dominant_path_length,annotation_mask_same_extractor,pixel,10,10,0,0,10,1104.596291245886,-1094.4139535967975,1291.74873639164,0.44811017950939325,39.75909387132132,2712.6403307326227,1618.2263771358257
attunet_pixel,2026,1,retained_segment_count,annotation_mask_same_extractor,count,10,10,0,0,10,201.1,201.1,240.9022623388996,0.3062403094751665,162.52746707995337,151.0,352.1
attunet_pixel,2026,1,junction_region_count,annotation_mask_same_extractor,count,10,10,0,0,10,273.5,273.5,324.5878925653266,0.20543117097378352,245.63194427434328,134.7,408.2
attunet_pixel,2026,1,mean_local_acute_angle_deg,annotation_mask_same_extractor,degree,10,10,0,0,10,9.02720188275993,-6.698196197736847,9.963452820046978,0.2766833997176804,15.728126229800193,56.88725551969607,50.18905932195922
attunet_pixel,2026,2,dominant_path_length,annotation_mask_same_extractor,pixel,10,10,0,0,10,1513.9638954015286,-1513.9638954015286,1614.3391998860282,0.19902411906492545,52.4135364008244,2920.28211973565,1406.3182243341214
attunet_pixel,2026,2,retained_segment_count,annotation_mask_same_extractor,count,10,10,0,0,10,79.3,66.3,122.18060402535257,0.3125487563055085,85.46092811681734,102.4,168.7
attunet_pixel,2026,2,junction_region_count,annotation_mask_same_extractor,count,10,10,0,0,10,81.8,71.6,130.56875583385178,0.19586920858572185,122.11496776906748,79.7,151.3
attunet_pixel,2026,2,mean_local_acute_angle_deg,annotation_mask_same_extractor,degree,10,10,0,0,10,6.898169042976443,-0.23386996393565979,7.337217937836703,0.21094075472808554,13.989948607340255,49.864627110761546,49.630757146825886
attunet_pixel,2026,3,dominant_path_length,annotation_mask_same_extractor,pixel,10,10,0,0,10,1369.1474523815039,-1369.1474523815039,1526.8550048702048,0.41659075717647903,45.59361786902311,3073.7830791009847,1704.6356267194813
attunet_pixel,2026,3,retained_segment_count,annotation_mask_same_extractor,count,10,10,0,0,10,40.9,9.7,51.713634565750645,0.9058494252671232,57.702905390460145,129.0,138.7
attunet_pixel,2026,3,junction_region_count,annotation_mask_same_extractor,count,10,10,0,0,10,27.3,3.7,39.73034105063786,0.9161024777540019,47.00258961316046,104.9,108.6
attunet_pixel,2026,3,mean_local_acute_angle_deg,annotation_mask_same_extractor,degree,10,10,0,0,10,6.595666021554166,-2.9365918053632094,7.632379281766558,0.5667995229434541,11.729803689742111,55.13671705869409,52.200125253330896
attunet_pixel,2026,4,dominant_path_length,annotation_mask_same_extractor,pixel,10,10,0,0,10,1430.564782979373,-1430.564782979373,1669.5562966434672,0.09366330979618175,52.91718672037018,2599.917199339622,1169.3524163602497
attunet_pixel,2026,4,retained_segment_count,annotation_mask_same_extractor,count,10,10,0,0,10,28.8,8.6,40.80196073719987,0.9266584020800677,30.09560906232701,157.3,165.9
attunet_pixel,2026,4,junction_region_count,annotation_mask_same_extractor,count,10,10,0,0,10,30.6,-1.6,37.218275080933026,0.9136773857434325,38.43369777313031,134.3,132.7
attunet_pixel,2026,4,mean_local_acute_angle_deg,annotation_mask_same_extractor,degree,10,10,0,0,10,7.751926918894772,-4.107207584519525,10.858829388344947,-0.2990832347338979,13.000973675179875,55.50633773218692,51.39913014766739
unet_pixel,42,0,dominant_path_length,annotation_mask_same_extractor,pixel,10,10,0,0,10,1442.3937151675082,-1277.7031380615435,1585.0720258453505,0.19167501659863143,48.99309507718521,2821.8373362460525,1544.1341981845085
unet_pixel,42,0,retained_segment_count,annotation_mask_same_extractor,count,10,10,0,0,10,25.6,-18.0,32.35119781399137,0.9407950635777068,14.42020011520755,183.9,165.9
unet_pixel,42,0,junction_region_count,annotation_mask_same_extractor,count,10,10,0,0,10,22.0,-17.0,29.267729669381602,0.9374172601530741,16.004937295361668,152.6,135.6
unet_pixel,42,0,mean_local_acute_angle_deg,annotation_mask_same_extractor,degree,10,10,0,0,10,6.863241666557263,-6.430083592915025,8.480146173505513,0.19159432074807292,11.813741766576664,55.72341217817568,49.293328585260646
unet_pixel,42,1,dominant_path_length,annotation_mask_same_extractor,pixel,10,10,0,0,10,1376.7197902856897,-823.7301366512926,1546.52459710232,0.2943394666331927,55.153706220229346,2712.6403307326227,1888.9101940813302
unet_pixel,42,1,retained_segment_count,annotation_mask_same_extractor,count,10,10,0,0,10,103.1,103.1,132.03522257337244,0.5094586495361422,91.02594962589372,151.0,254.1
unet_pixel,42,1,junction_region_count,annotation_mask_same_extractor,count,10,10,0,0,10,77.2,77.2,107.95276744947301,0.5649934266370136,75.45552176121248,134.7,211.9
unet_pixel,42,1,mean_local_acute_angle_deg,annotation_mask_same_extractor,degree,10,10,0,0,10,11.019928192955629,-10.627789921809882,12.67510904726968,0.2445848720330004,18.702796868063267,56.88725551969607,46.259465597886184
unet_pixel,42,2,dominant_path_length,annotation_mask_same_extractor,pixel,10,10,0,0,10,1358.9164640460626,-1358.9164640460626,1492.8344253582998,0.24629333326525296,46.89892138312509,2920.28211973565,1561.3656556895874
unet_pixel,42,2,retained_segment_count,annotation_mask_same_extractor,count,10,10,0,0,10,79.8,60.6,101.59232254457027,0.3366113896387711,91.66288383548844,102.4,163.0
unet_pixel,42,2,junction_region_count,annotation_mask_same_extractor,count,10,10,0,0,10,74.3,58.9,93.04568770233256,0.28000924781653397,120.30271230693319,79.7,138.6
unet_pixel,42,2,mean_local_acute_angle_deg,annotation_mask_same_extractor,degree,10,10,0,0,10,4.8983062796147765,-1.9541548187277087,6.124059669003695,0.4950690397209908,9.63301567728649,49.864627110761546,47.910472292033845
unet_pixel,42,3,dominant_path_length,annotation_mask_same_extractor,pixel,10,10,0,0,10,1297.3589314228252,-1297.3589314228252,1461.7263975089172,0.39714994020936334,42.44624759258411,3073.7830791009847,1776.4241476781597
unet_pixel,42,3,retained_segment_count,annotation_mask_same_extractor,count,10,10,0,0,10,43.5,26.3,59.40791193098778,0.8907225815640607,73.70896370061544,129.0,155.3
unet_pixel,42,3,junction_region_count,annotation_mask_same_extractor,count,10,10,0,0,10,35.2,18.2,46.02607956365608,0.902237408405257,63.77538967643789,104.9,123.1
unet_pixel,42,3,mean_local_acute_angle_deg,annotation_mask_same_extractor,degree,10,10,0,0,10,4.441002854145705,-2.888206869311618,4.889388997789336,0.8469487127124864,7.927204779681304,55.13671705869409,52.24851018938248
unet_pixel,42,4,dominant_path_length,annotation_mask_same_extractor,pixel,10,10,0,0,10,1365.1159589826668,-1365.1159589826668,1594.6441327913633,0.11227576489072529,50.24159210824879,2599.917199339622,1234.801240356956
unet_pixel,42,4,retained_segment_count,annotation_mask_same_extractor,count,10,10,0,0,10,38.8,-4.0,49.33153149862672,0.8637784900324768,33.422280591726704,157.3,153.3
unet_pixel,42,4,junction_region_count,annotation_mask_same_extractor,count,10,10,0,0,10,43.4,-14.2,57.20489489545453,0.7597875348493056,42.89852607221558,134.3,120.1
unet_pixel,42,4,mean_local_acute_angle_deg,annotation_mask_same_extractor,degree,10,10,0,0,10,7.781390319539038,-4.822444908630095,10.135236281326572,0.008813101390595596,13.041002469849031,55.50633773218692,50.68389282355683
unet_pixel,3407,0,dominant_path_length,annotation_mask_same_extractor,pixel,10,10,0,0,10,1373.222438151537,-1212.9935926185906,1498.1961739696046,0.2001514009875612,46.17997877246946,2821.8373362460525,1608.8437436274612
unet_pixel,3407,0,retained_segment_count,annotation_mask_same_extractor,count,10,10,0,0,10,36.0,33.6,42.230320860727545,0.9209881575274796,25.283664243276316,183.9,217.5
unet_pixel,3407,0,junction_region_count,annotation_mask_same_extractor,count,10,10,0,0,10,36.1,34.3,50.34580419459004,0.8672849945703451,28.059000575425657,152.6,186.9
unet_pixel,3407,0,mean_local_acute_angle_deg,annotation_mask_same_extractor,degree,10,10,0,0,10,6.299893171329518,-6.187700911068875,7.396738040280709,0.32001317902537896,10.858703086838783,55.72341217817568,49.5357112671068
unet_pixel,3407,1,dominant_path_length,annotation_mask_same_extractor,pixel,10,10,0,0,10,1358.3720630709215,-1331.6603748254888,1602.3697156169922,0.29747778962512494,47.76176368800308,2712.6403307326227,1380.9799559071344
unet_pixel,3407,1,retained_segment_count,annotation_mask_same_extractor,count,10,10,0,0,10,40.3,18.9,54.61043856260449,0.8173382577219191,29.4867706062576,151.0,169.9
unet_pixel,3407,1,junction_region_count,annotation_mask_same_extractor,count,10,10,0,0,10,32.0,-4.8,38.711755320574134,0.868416200278516,28.709857509961452,134.7,129.9
unet_pixel,3407,1,mean_local_acute_angle_deg,annotation_mask_same_extractor,degree,10,10,0,0,10,11.188188251413399,-7.29338007978177,12.399384796632445,-0.12194788446496663,19.3041848213816,56.88725551969607,49.5938754399143
unet_pixel,3407,2,dominant_path_length,annotation_mask_same_extractor,pixel,10,10,0,0,10,1508.6523297050219,-1508.6523297050219,1601.7196148194428,0.18943302251788638,51.75598099052158,2920.28211973565,1411.629790030628
unet_pixel,3407,2,retained_segment_count,annotation_mask_same_extractor,count,10,10,0,0,10,86.1,70.7,115.63174304662193,0.3151456046123067,94.49222831449717,102.4,173.1
unet_pixel,3407,2,junction_region_count,annotation_mask_same_extractor,count,10,10,0,0,10,71.6,56.2,99.09187655908026,0.3000754155338892,99.54442981229812,79.7,135.9
unet_pixel,3407,2,mean_local_acute_angle_deg,annotation_mask_same_extractor,degree,10,10,0,0,10,6.103189054824506,-1.9162825360996216,7.332467142995101,0.41696222433804775,12.357113623333385,49.864627110761546,47.94834457466193
unet_pixel,3407,3,dominant_path_length,annotation_mask_same_extractor,pixel,10,10,0,0,10,1617.6080871725603,-1617.6080871725603,1875.2744003874686,0.17498344227279208,50.519937991163076,3073.7830791009847,1456.1749919284243
unet_pixel,3407,3,retained_segment_count,annotation_mask_same_extractor,count,10,10,0,0,10,45.4,16.6,60.49958677544831,0.8766579500727879,63.16690486333386,129.0,145.6
unet_pixel,3407,3,junction_region_count,annotation_mask_same_extractor,count,10,10,0,0,10,34.6,10.8,47.726303020451944,0.8766873072054936,60.99536487675665,104.9,115.7
unet_pixel,3407,3,mean_local_acute_angle_deg,annotation_mask_same_extractor,degree,10,10,0,0,10,5.608415769884603,-4.312112813458672,8.101539098152797,0.5221146738287469,9.182607998069733,55.13671705869409,50.82460424523543
unet_pixel,3407,4,dominant_path_length,annotation_mask_same_extractor,pixel,10,10,0,0,10,1282.5052808640132,-1282.5052808640132,1536.768919545531,0.1053687442867001,46.05399625425345,2599.917199339622,1317.4119184756094
unet_pixel,3407,4,retained_segment_count,annotation_mask_same_extractor,count,10,10,0,0,10,31.7,8.9,43.49367770147749,0.9088380404202598,35.036603752758815,157.3,166.2
unet_pixel,3407,4,junction_region_count,annotation_mask_same_extractor,count,10,10,0,0,10,35.0,-0.4,43.3635791880698,0.878751613614587,42.41645372917463,134.3,133.9
unet_pixel,3407,4,mean_local_acute_angle_deg,annotation_mask_same_extractor,degree,10,10,0,0,10,6.888073559133256,-5.004090507012824,9.585114571269683,0.08442362422243335,11.531179879367578,55.50633773218692,50.5022472251741
unet_pixel,2026,0,dominant_path_length,annotation_mask_same_extractor,pixel,10,10,0,0,10,522.2808732203531,413.7007588705669,856.5221151596927,-0.0028682949597136713,38.96975742726876,2821.8373362460525,3235.538095116619
unet_pixel,2026,0,retained_segment_count,annotation_mask_same_extractor,count,10,10,0,0,10,84.3,84.3,102.90821152852672,0.7264836250727692,50.170239335002954,183.9,268.2
unet_pixel,2026,0,junction_region_count,annotation_mask_same_extractor,count,10,10,0,0,10,73.3,73.3,101.61348335727891,0.6740568125355528,50.408011659126764,152.6,225.9
unet_pixel,2026,0,mean_local_acute_angle_deg,annotation_mask_same_extractor,degree,10,10,0,0,10,9.232240963031222,-9.232240963031222,10.707025793258678,0.054204695923210415,15.81671138030514,55.72341217817568,46.49117121514445
unet_pixel,2026,1,dominant_path_length,annotation_mask_same_extractor,pixel,10,10,0,0,10,1919.0486717123676,-1919.0486717123676,2073.9343508773345,0.11398489964830151,68.71995559125253,2712.6403307326227,793.5916590202556
unet_pixel,2026,1,retained_segment_count,annotation_mask_same_extractor,count,10,10,0,0,10,62.1,30.9,90.76728485528253,0.4862596419462858,83.10419553713744,151.0,181.9
unet_pixel,2026,1,junction_region_count,annotation_mask_same_extractor,count,10,10,0,0,10,58.3,20.3,83.81229026819396,0.4398638034559474,96.51372657486013,134.7,155.0
unet_pixel,2026,1,mean_local_acute_angle_deg,annotation_mask_same_extractor,degree,10,10,0,0,10,8.656088317816591,-6.4893860222634485,11.681126450971147,0.026999462955113216,14.28069696867556,56.88725551969607,50.39786949743261
unet_pixel,2026,2,dominant_path_length,annotation_mask_same_extractor,pixel,10,10,0,0,10,1029.467604155605,-1029.467604155605,1129.8169622916655,0.34311764967308084,35.2768956243248,2920.28211973565,1890.8145155800448
unet_pixel,2026,2,retained_segment_count,annotation_mask_same_extractor,count,10,10,0,0,10,141.4,141.4,188.64251906714986,0.19447062690313274,168.15042662629446,102.4,243.8
unet_pixel,2026,2,junction_region_count,annotation_mask_same_extractor,count,10,10,0,0,10,178.2,178.2,216.99907833905655,0.09706053690158109,300.5784480105929,79.7,257.9
unet_pixel,2026,2,mean_local_acute_angle_deg,annotation_mask_same_extractor,degree,10,10,0,0,10,7.096766830504839,-1.3635812594233727,8.302745005284336,0.19216367751778451,14.529737069805618,49.864627110761546,48.50104585133817
unet_pixel,2026,3,dominant_path_length,annotation_mask_same_extractor,pixel,10,10,0,0,10,717.1876841422454,259.8590565227454,1022.4398419497234,-0.031916014522109244,46.63126957121951,3073.7830791009847,3333.6421356237306
unet_pixel,2026,3,retained_segment_count,annotation_mask_same_extractor,count,10,10,0,0,10,113.0,113.0,129.61172786441819,0.7138555037745619,157.45810834584853,129.0,242.0
unet_pixel,2026,3,junction_region_count,annotation_mask_same_extractor,count,10,10,0,0,10,91.6,91.6,114.85730277174369,0.6551662845985148,172.68524562072224,104.9,196.5
unet_pixel,2026,3,mean_local_acute_angle_deg,annotation_mask_same_extractor,degree,10,10,0,0,10,11.647166349751908,-10.177815162005663,13.870173729352777,0.11250438060729506,19.705086439784107,55.13671705869409,44.95890189668844
unet_pixel,2026,4,dominant_path_length,annotation_mask_same_extractor,pixel,10,10,0,0,10,712.7754549396822,612.5425986350222,1009.3469192654118,0.005578277018373759,44.87800038669068,2599.917199339622,3212.4597979746445
unet_pixel,2026,4,retained_segment_count,annotation_mask_same_extractor,count,10,10,0,0,10,91.4,91.4,111.27713152305823,0.6357028076767602,94.94160519650279,157.3,248.7
unet_pixel,2026,4,junction_region_count,annotation_mask_same_extractor,count,10,10,0,0,10,69.1,69.1,85.06056665694157,0.6833103832245063,103.88352064758868,134.3,203.4
unet_pixel,2026,4,mean_local_acute_angle_deg,annotation_mask_same_extractor,degree,10,10,0,0,10,12.077529302471572,-12.077529302471572,13.924346171736872,0.09746321817307424,20.670851804256305,55.50633773218692,43.42880842971535
