comparison,treatment,control,trait,seed,n_distinct_images,mean_paired_absolute_error_difference
attention_effect,attunet_pixel,unet_pixel,dominant_path_length,42,50,-86.02914857099213
attention_effect,attunet_pixel,unet_pixel,dominant_path_length,3407,50,-352.35405881471814
attention_effect,attunet_pixel,unet_pixel,dominant_path_length,2026,50,392.41229678483137
attention_effect,attunet_pixel,unet_pixel,retained_segment_count,42,50,-13.86
attention_effect,attunet_pixel,unet_pixel,retained_segment_count,3407,50,19.68
attention_effect,attunet_pixel,unet_pixel,retained_segment_count,2026,50,-23.12
attention_effect,attunet_pixel,unet_pixel,junction_region_count,42,50,-10.22
attention_effect,attunet_pixel,unet_pixel,junction_region_count,3407,50,15.6
attention_effect,attunet_pixel,unet_pixel,junction_region_count,2026,50,-6.8
attention_effect,attunet_pixel,unet_pixel,mean_local_acute_angle_deg,42,50,0.6516980175348809
attention_effect,attunet_pixel,unet_pixel,mean_local_acute_angle_deg,3407,50,1.8479349324733665
attention_effect,attunet_pixel,unet_pixel,mean_local_acute_angle_deg,2026,50,-2.375738381312252
fixed_skeleton_effect,attunet_cl_fixed,attunet_pixel,dominant_path_length,42,50,-10.124187565821114
fixed_skeleton_effect,attunet_cl_fixed,attunet_pixel,dominant_path_length,3407,50,122.40966501833513
fixed_skeleton_effect,attunet_cl_fixed,attunet_pixel,dominant_path_length,2026,50,-211.06903740602056
fixed_skeleton_effect,attunet_cl_fixed,attunet_pixel,retained_segment_count,42,50,50.92
fixed_skeleton_effect,attunet_cl_fixed,attunet_pixel,retained_segment_count,3407,50,34.44
fixed_skeleton_effect,attunet_cl_fixed,attunet_pixel,retained_segment_count,2026,50,19.72
fixed_skeleton_effect,attunet_cl_fixed,attunet_pixel,junction_region_count,42,50,65.62
fixed_skeleton_effect,attunet_cl_fixed,attunet_pixel,junction_region_count,3407,50,58.72
fixed_skeleton_effect,attunet_cl_fixed,attunet_pixel,junction_region_count,2026,50,25.82
fixed_skeleton_effect,attunet_cl_fixed,attunet_pixel,mean_local_acute_angle_deg,42,50,-0.3360058107859986
fixed_skeleton_effect,attunet_cl_fixed,attunet_pixel,mean_local_acute_angle_deg,3407,50,-2.551676922535125
fixed_skeleton_effect,attunet_cl_fixed,attunet_pixel,mean_local_acute_angle_deg,2026,50,-0.6636191791596775
schedule_vs_fixed,attunet_cl_schedule,attunet_cl_fixed,dominant_path_length,42,50,68.17402886805934
schedule_vs_fixed,attunet_cl_schedule,attunet_cl_fixed,dominant_path_length,3407,50,-19.28635067286708
schedule_vs_fixed,attunet_cl_schedule,attunet_cl_fixed,dominant_path_length,2026,50,-79.98402020253688
schedule_vs_fixed,attunet_cl_schedule,attunet_cl_fixed,retained_segment_count,42,50,9.24
schedule_vs_fixed,attunet_cl_schedule,attunet_cl_fixed,retained_segment_count,3407,50,-5.04
schedule_vs_fixed,attunet_cl_schedule,attunet_cl_fixed,retained_segment_count,2026,50,25.66
schedule_vs_fixed,attunet_cl_schedule,attunet_cl_fixed,junction_region_count,42,50,20.68
schedule_vs_fixed,attunet_cl_schedule,attunet_cl_fixed,junction_region_count,3407,50,-9.42
schedule_vs_fixed,attunet_cl_schedule,attunet_cl_fixed,junction_region_count,2026,50,31.92
schedule_vs_fixed,attunet_cl_schedule,attunet_cl_fixed,mean_local_acute_angle_deg,42,50,0.15997074953890292
schedule_vs_fixed,attunet_cl_schedule,attunet_cl_fixed,mean_local_acute_angle_deg,3407,50,0.8970910308281684
schedule_vs_fixed,attunet_cl_schedule,attunet_cl_fixed,mean_local_acute_angle_deg,2026,50,0.23527197810242953
