comparison,treatment,control,trait,fold,n_distinct_images,mean_paired_absolute_error_difference
attention_effect,attunet_pixel,unet_pixel,dominant_path_length,0,10,298.7119622283284
attention_effect,attunet_pixel,unet_pixel,dominant_path_length,1,10,-193.44438901056145
attention_effect,attunet_pixel,unet_pixel,dominant_path_length,2,10,-208.5969357787054
attention_effect,attunet_pixel,unet_pixel,dominant_path_length,3,10,-95.09848480983263
attention_effect,attunet_pixel,unet_pixel,dominant_path_length,4,10,121.8096630359729
attention_effect,attunet_pixel,unet_pixel,retained_segment_count,0,10,-22.6
attention_effect,attunet_pixel,unet_pixel,retained_segment_count,1,10,25.466666666666665
attention_effect,attunet_pixel,unet_pixel,retained_segment_count,2,10,0.39999999999999963
attention_effect,attunet_pixel,unet_pixel,retained_segment_count,3,10,-21.93333333333333
attention_effect,attunet_pixel,unet_pixel,retained_segment_count,4,10,-10.166666666666666
attention_effect,attunet_pixel,unet_pixel,junction_region_count,0,10,-18.433333333333334
attention_effect,attunet_pixel,unet_pixel,junction_region_count,1,10,58.233333333333334
attention_effect,attunet_pixel,unet_pixel,junction_region_count,2,10,-17.633333333333333
attention_effect,attunet_pixel,unet_pixel,junction_region_count,3,10,-17.03333333333333
attention_effect,attunet_pixel,unet_pixel,junction_region_count,4,10,-7.5
attention_effect,attunet_pixel,unet_pixel,mean_local_acute_angle_deg,0,10,-0.7926413016126587
attention_effect,attunet_pixel,unet_pixel,mean_local_acute_angle_deg,1,10,-0.004559109538540706
attention_effect,attunet_pixel,unet_pixel,mean_local_acute_angle_deg,2,10,1.5227671108374214
attention_effect,attunet_pixel,unet_pixel,mean_local_acute_angle_deg,3,10,0.2921051055132928
attention_effect,attunet_pixel,unet_pixel,mean_local_acute_angle_deg,4,10,-0.8111808573728558
fixed_skeleton_effect,attunet_cl_fixed,attunet_pixel,dominant_path_length,0,10,-49.85625056633906
fixed_skeleton_effect,attunet_cl_fixed,attunet_pixel,dominant_path_length,1,10,-165.56730624356473
fixed_skeleton_effect,attunet_cl_fixed,attunet_pixel,dominant_path_length,2,10,-87.63145750508447
fixed_skeleton_effect,attunet_cl_fixed,attunet_pixel,dominant_path_length,3,10,153.6602403120217
fixed_skeleton_effect,attunet_cl_fixed,attunet_pixel,dominant_path_length,4,10,-15.244492586211013
fixed_skeleton_effect,attunet_cl_fixed,attunet_pixel,retained_segment_count,0,10,44.06666666666666
fixed_skeleton_effect,attunet_cl_fixed,attunet_pixel,retained_segment_count,1,10,31.799999999999994
fixed_skeleton_effect,attunet_cl_fixed,attunet_pixel,retained_segment_count,2,10,17.6
fixed_skeleton_effect,attunet_cl_fixed,attunet_pixel,retained_segment_count,3,10,64.63333333333334
fixed_skeleton_effect,attunet_cl_fixed,attunet_pixel,retained_segment_count,4,10,17.03333333333333
fixed_skeleton_effect,attunet_cl_fixed,attunet_pixel,junction_region_count,0,10,53.2
fixed_skeleton_effect,attunet_cl_fixed,attunet_pixel,junction_region_count,1,10,29.833333333333332
fixed_skeleton_effect,attunet_cl_fixed,attunet_pixel,junction_region_count,2,10,38.9
fixed_skeleton_effect,attunet_cl_fixed,attunet_pixel,junction_region_count,3,10,88.56666666666666
fixed_skeleton_effect,attunet_cl_fixed,attunet_pixel,junction_region_count,4,10,39.766666666666666
fixed_skeleton_effect,attunet_cl_fixed,attunet_pixel,mean_local_acute_angle_deg,0,10,-1.2700171433223713
fixed_skeleton_effect,attunet_cl_fixed,attunet_pixel,mean_local_acute_angle_deg,1,10,-0.9490981602580184
fixed_skeleton_effect,attunet_cl_fixed,attunet_pixel,mean_local_acute_angle_deg,2,10,-0.5850482556703309
fixed_skeleton_effect,attunet_cl_fixed,attunet_pixel,mean_local_acute_angle_deg,3,10,-2.615224288567643
fixed_skeleton_effect,attunet_cl_fixed,attunet_pixel,mean_local_acute_angle_deg,4,10,-0.4994486729829717
schedule_vs_fixed,attunet_cl_schedule,attunet_cl_fixed,dominant_path_length,0,10,-213.3013996499251
schedule_vs_fixed,attunet_cl_schedule,attunet_cl_fixed,dominant_path_length,1,10,96.51677477306764
schedule_vs_fixed,attunet_cl_schedule,attunet_cl_fixed,dominant_path_length,2,10,201.5892183056915
schedule_vs_fixed,attunet_cl_schedule,attunet_cl_fixed,dominant_path_length,3,10,-31.83735691996123
schedule_vs_fixed,attunet_cl_schedule,attunet_cl_fixed,dominant_path_length,4,10,-104.79447318778054
schedule_vs_fixed,attunet_cl_schedule,attunet_cl_fixed,retained_segment_count,0,10,5.166666666666666
schedule_vs_fixed,attunet_cl_schedule,attunet_cl_fixed,retained_segment_count,1,10,-17.966666666666665
schedule_vs_fixed,attunet_cl_schedule,attunet_cl_fixed,retained_segment_count,2,10,50.36666666666667
schedule_vs_fixed,attunet_cl_schedule,attunet_cl_fixed,retained_segment_count,3,10,-1.3666666666666667
schedule_vs_fixed,attunet_cl_schedule,attunet_cl_fixed,retained_segment_count,4,10,13.566666666666666
schedule_vs_fixed,attunet_cl_schedule,attunet_cl_fixed,junction_region_count,0,10,3.2666666666666684
schedule_vs_fixed,attunet_cl_schedule,attunet_cl_fixed,junction_region_count,1,10,-34.53333333333333
schedule_vs_fixed,attunet_cl_schedule,attunet_cl_fixed,junction_region_count,2,10,101.43333333333332
schedule_vs_fixed,attunet_cl_schedule,attunet_cl_fixed,junction_region_count,3,10,2.7333333333333334
schedule_vs_fixed,attunet_cl_schedule,attunet_cl_fixed,junction_region_count,4,10,-0.9333333333333336
schedule_vs_fixed,attunet_cl_schedule,attunet_cl_fixed,mean_local_acute_angle_deg,0,10,0.17213295971596848
schedule_vs_fixed,attunet_cl_schedule,attunet_cl_fixed,mean_local_acute_angle_deg,1,10,1.2360010736182452
schedule_vs_fixed,attunet_cl_schedule,attunet_cl_fixed,mean_local_acute_angle_deg,2,10,0.5591047408291905
schedule_vs_fixed,attunet_cl_schedule,attunet_cl_fixed,mean_local_acute_angle_deg,3,10,0.3779338547388372
schedule_vs_fixed,attunet_cl_schedule,attunet_cl_fixed,mean_local_acute_angle_deg,4,10,-0.1912830314530733
