comparison,treatment,control,trait,n_distinct_images,n_training_seeds,n_paired_predictions,mean_paired_absolute_error_difference,seed_sd,bootstrap_image_within_fold_ci95_low,bootstrap_image_within_fold_ci95_high,positive_seed_count,positive_fold_count,direction
attention_effect,attunet_pixel,unet_pixel,dominant_path_length,50,3,150,-15.323636866959646,377.3839995909412,-120.50184558118501,86.71812143148186,1,2,positive means treatment larger absolute error
attention_effect,attunet_pixel,unet_pixel,retained_segment_count,50,3,150,-5.766666666666667,22.518581956538323,-11.779999999999998,0.42683333333333084,1,2,positive means treatment larger absolute error
attention_effect,attunet_pixel,unet_pixel,junction_region_count,50,3,150,-0.4733333333333336,14.024554657219364,-7.173666666666667,6.433499999999998,1,1,positive means treatment larger absolute error
attention_effect,attunet_pixel,unet_pixel,mean_local_acute_angle_deg,50,3,150,0.04129818956533171,2.1769921974791595,-0.6328249394452914,0.7034274721672437,2,2,positive means treatment larger absolute error
fixed_skeleton_effect,attunet_cl_fixed,attunet_pixel,dominant_path_length,50,3,150,-32.92785331783551,167.9047843911995,-117.52875590479533,48.27145370458202,1,1,positive means treatment larger absolute error
fixed_skeleton_effect,attunet_cl_fixed,attunet_pixel,retained_segment_count,50,3,150,35.026666666666664,15.608271311498061,25.88666666666667,44.747166666666665,3,5,positive means treatment larger absolute error
fixed_skeleton_effect,attunet_cl_fixed,attunet_pixel,junction_region_count,50,3,150,50.053333333333335,21.268364613513032,37.74633333333333,63.02716666666667,3,5,positive means treatment larger absolute error
fixed_skeleton_effect,attunet_cl_fixed,attunet_pixel,mean_local_acute_angle_deg,50,3,150,-1.183767304160267,1.1959160392001287,-1.8284159229482706,-0.5495968159993948,0,0,positive means treatment larger absolute error
schedule_vs_fixed,attunet_cl_schedule,attunet_cl_fixed,dominant_path_length,50,3,150,-10.36544733578154,74.48079459406644,-74.78001090125206,51.22081344971627,1,2,positive means treatment larger absolute error
schedule_vs_fixed,attunet_cl_schedule,attunet_cl_fixed,retained_segment_count,50,3,150,9.953333333333333,15.36242602368953,4.193333333333333,15.893333333333333,2,3,positive means treatment larger absolute error
schedule_vs_fixed,attunet_cl_schedule,attunet_cl_fixed,junction_region_count,50,3,150,14.393333333333333,21.37499785575038,3.7999999999999985,25.12033333333333,2,3,positive means treatment larger absolute error
schedule_vs_fixed,attunet_cl_schedule,attunet_cl_fixed,mean_local_acute_angle_deg,50,3,150,0.4307779194898336,0.40559031930055084,-0.14992644501601285,1.0315268446172505,3,4,positive means treatment larger absolute error
