config,endpoint,n_images_per_seed,n_seeds,mean,sd_across_seeds
unet_pixel,OOF macro dice,50,3,0.5503714756024374,0.010830162947632388
unet_pixel,OOF macro iou,50,3,0.3820706482651623,0.009622496411239028
unet_pixel,OOF macro hard_cldice,50,3,0.6207002893204276,0.045451085003174185
unet_pixel,OOF macro precision,50,3,0.5140964351843144,0.014264257456358209
unet_pixel,OOF macro recall,50,3,0.6165981938717296,0.007206841918089083
unet_pixel,OOF macro width_le3_recall,50,3,0.5882574361662624,0.013699781362527582
unet_pixel,OOF macro width_3_6_recall,50,3,0.6540079370730415,0.006833194527056758
unet_pixel,OOF macro width_6_12_recall,50,3,0.6983315522716335,0.0009612276989450371
unet_pixel,OOF macro width_gt12_recall,50,3,0.7415605225077915,0.00595577715252272
attunet_pixel,OOF macro dice,50,3,0.5589964882721413,0.0060615092978361885
attunet_pixel,OOF macro iou,50,3,0.3899128527849847,0.006092365758021742
attunet_pixel,OOF macro hard_cldice,50,3,0.6462654091132163,0.015221178282637495
attunet_pixel,OOF macro precision,50,3,0.5249674280695572,0.021750525732388303
attunet_pixel,OOF macro recall,50,3,0.6229073001303337,0.012057541228228287
attunet_pixel,OOF macro width_le3_recall,50,3,0.590261734857256,0.004138743066654642
attunet_pixel,OOF macro width_3_6_recall,50,3,0.6619983369496977,0.004699940376897831
attunet_pixel,OOF macro width_6_12_recall,50,3,0.7022816887225592,0.007934143927564367
attunet_pixel,OOF macro width_gt12_recall,50,3,0.7306115581971616,0.007033626885823381
attunet_cl_fixed,OOF macro dice,50,3,0.5842928803244477,0.004632208775720218
attunet_cl_fixed,OOF macro iou,50,3,0.4148637884733067,0.004347608482183069
attunet_cl_fixed,OOF macro hard_cldice,50,3,0.6743014187729962,0.006675120405773132
attunet_cl_fixed,OOF macro precision,50,3,0.5476443838759325,0.006914644552051347
attunet_cl_fixed,OOF macro recall,50,3,0.6465426964392561,0.003800314591496127
attunet_cl_fixed,OOF macro width_le3_recall,50,3,0.6563584321514129,0.01166984899435982
attunet_cl_fixed,OOF macro width_3_6_recall,50,3,0.7244041508492532,0.004293277159732177
attunet_cl_fixed,OOF macro width_6_12_recall,50,3,0.7489007228956593,0.0045906168415735995
attunet_cl_fixed,OOF macro width_gt12_recall,50,3,0.7577206190850475,0.0037668638344529872
attunet_cl_schedule,OOF macro dice,50,3,0.5753881657344894,0.028072629873715695
attunet_cl_schedule,OOF macro iou,50,3,0.40647449026511023,0.02742260661242796
attunet_cl_schedule,OOF macro hard_cldice,50,3,0.6586452322775892,0.03281070435606682
attunet_cl_schedule,OOF macro precision,50,3,0.5491779652845993,0.009453480466272578
attunet_cl_schedule,OOF macro recall,50,3,0.6275790542311896,0.05238246805839634
attunet_cl_schedule,OOF macro width_le3_recall,50,3,0.6347683186584538,0.08804632143683723
attunet_cl_schedule,OOF macro width_3_6_recall,50,3,0.6996623274855446,0.08414722052689022
attunet_cl_schedule,OOF macro width_6_12_recall,50,3,0.730267431595093,0.05708788944844847
attunet_cl_schedule,OOF macro width_gt12_recall,50,3,0.7477586899722612,0.036402657593440364
