closing_kernel,pruning_iterations,min_component_pixels,n_distinct_images,n_valid_angle_images,default_parameter_setting,dominant_path_length_mean,dominant_path_length_sd,retained_segment_count_mean,retained_segment_count_sd,junction_region_count_mean,junction_region_count_sd,mean_local_acute_angle_deg_mean,mean_local_acute_angle_deg_sd,dominant_path_length_mean_delta_from_5_15_10,retained_segment_count_mean_delta_from_5_15_10,junction_region_count_mean_delta_from_5_15_10,mean_local_acute_angle_deg_mean_delta_from_5_15_10,n_valid_angle_images_delta_from_5_15_10
3,5,5,50,50,False,2825.6920130309863,881.2359220323873,165.74,122.1136656846349,118.12,89.1855758448389,54.02869240539012,7.219856493432446,0.0,21.02000000000001,-3.1199999999999903,-0.5949775145127418,0
3,5,10,50,50,False,2825.6920130309863,881.2359220323873,147.9,106.87074970662995,118.12,89.1855758448389,54.36012551896702,7.573755145303756,0.0,3.180000000000007,-3.1199999999999903,-0.2635444009358423,0
3,5,20,50,50,False,2825.6920130309863,881.2359220323873,121.6,83.25225988230112,118.12,89.1855758448389,54.93222319150678,7.980457647010785,0.0,-23.120000000000005,-3.1199999999999903,0.30855327160391965,0
3,10,5,50,50,False,2825.6920130309863,881.2359220323873,161.04,119.28887249882455,117.42,88.88747530055133,54.131521308412864,7.452711550063591,0.0,16.319999999999993,-3.819999999999993,-0.4921486114899949,0
3,10,10,50,50,False,2825.6920130309863,881.2359220323873,144.42,104.55290429212556,117.42,88.88747530055133,54.4658974739997,7.709857718632292,0.0,-0.30000000000001137,-3.819999999999993,-0.15777244590315576,0
3,10,20,50,50,False,2825.6920130309863,881.2359220323873,118.58,80.68838775417035,117.42,88.88747530055133,54.91523062210516,8.259680857737637,0.0,-26.14,-3.819999999999993,0.2915607022023039,0
3,15,5,50,50,False,2825.6920130309863,881.2359220323873,157.32,116.5259785347001,117.04,88.69690651025995,54.06442379954892,7.564929810225576,0.0,12.599999999999994,-4.199999999999989,-0.5592461203539401,0
3,15,10,50,50,False,2825.6920130309863,881.2359220323873,140.7,101.89114840087424,117.04,88.69690651025995,54.38842612084229,7.848349635498824,0.0,-4.02000000000001,-4.199999999999989,-0.23524379906056936,0
3,15,20,50,50,False,2825.6920130309863,881.2359220323873,114.98,78.35437291627086,117.04,88.69690651025995,54.853125509756175,8.491082548571146,0.0,-29.739999999999995,-4.199999999999989,0.22945558985331616,0
3,20,5,50,50,False,2825.6920130309863,881.2359220323873,153.74,113.5948421508006,116.74,88.40671550814889,54.034733427897606,7.690109276449522,0.0,9.02000000000001,-4.5,-0.5889364920052529,0
3,20,10,50,50,False,2825.6920130309863,881.2359220323873,137.58,99.08625185222442,116.74,88.40671550814889,54.36215664790085,8.066115951043558,0.0,-7.139999999999986,-4.5,-0.2615132720020128,0
3,20,20,50,50,False,2825.6920130309863,881.2359220323873,111.96,76.2915888588791,116.74,88.40671550814889,54.73600348636663,8.769465918127414,0.0,-32.760000000000005,-4.5,0.11233356646376791,0
5,5,5,50,50,False,2825.6920130309863,881.2359220323873,164.9,119.3265541722053,122.36,89.64823774404181,54.1422694192735,7.780579269350859,0.0,20.180000000000007,1.1200000000000045,-0.4814005006293627,0
5,5,10,50,50,False,2825.6920130309863,881.2359220323873,151.32,107.91331366104056,122.36,89.64823774404181,54.49608786411367,8.152181613669336,0.0,6.599999999999994,1.1200000000000045,-0.12758205578919046,0
5,5,20,50,50,False,2825.6920130309863,881.2359220323873,124.8,84.60978859760029,122.36,89.64823774404181,55.045739419321016,8.67418793159834,0.0,-19.92,1.1200000000000045,0.4220694994181571,0
5,10,5,50,50,False,2825.6920130309863,881.2359220323873,160.94,117.37492865834263,121.6,89.14445969255493,54.2981705341574,7.9781462682721855,0.0,16.22,0.35999999999999943,-0.32549938574545934,0
5,10,10,50,50,False,2825.6920130309863,881.2359220323873,148.06,105.95058725073453,121.6,89.14445969255493,54.554343930298856,8.331420787281202,0.0,3.3400000000000034,0.35999999999999943,-0.06932598960400327,0
5,10,20,50,50,False,2825.6920130309863,881.2359220323873,122.06,82.72413215511133,121.6,89.14445969255493,55.11289170001919,8.732479791861424,0.0,-22.659999999999997,0.35999999999999943,0.4892217801163312,0
5,15,5,50,50,False,2825.6920130309863,881.2359220323873,157.5,115.06754892812539,121.24,88.97730965056799,54.31982200985392,8.09489804061801,0.0,12.780000000000001,0.0,-0.30384791004893685,0
5,15,10,50,50,True,2825.6920130309863,881.2359220323873,144.72,103.42680345765979,121.24,88.97730965056799,54.62366991990286,8.295523670984128,0.0,0.0,0.0,0.0,0
5,15,20,50,50,False,2825.6920130309863,881.2359220323873,119.28,80.69773281593883,121.24,88.97730965056799,55.04637407699846,8.837832062458528,0.0,-25.439999999999998,0.0,0.42270415709560183,0
5,20,5,50,50,False,2825.6920130309863,881.2359220323873,154.16,112.44252227839134,120.94,88.79520349244832,54.54741246438025,8.047031412561493,0.0,9.439999999999998,-0.29999999999999716,-0.0762574555226081,0
5,20,10,50,50,False,2825.6920130309863,881.2359220323873,141.86,101.46156606200745,120.94,88.79520349244832,54.8451708520843,8.417477027596222,0.0,-2.859999999999985,-0.29999999999999716,0.22150093218144207,0
5,20,20,50,50,False,2825.6920130309863,881.2359220323873,116.6,78.85507243658833,120.94,88.79520349244832,55.42051052886957,8.915337250978084,0.0,-28.120000000000005,-0.29999999999999716,0.7968406089667113,0
7,5,5,50,50,False,2825.6920130309863,881.2359220323873,163.12,115.85223523162281,121.22,85.60905206763107,54.37066577018689,7.672430832284524,0.0,18.400000000000006,-0.01999999999999602,-0.2530041497159701,0
7,5,10,50,50,False,2825.6920130309863,881.2359220323873,150.72,106.96786471474812,121.22,85.60905206763107,54.69870713977272,8.087878655397713,0.0,6.0,-0.01999999999999602,0.07503721986986278,0
7,5,20,50,50,False,2825.6920130309863,881.2359220323873,125.8,84.47750576095292,121.22,85.60905206763107,55.39966186164312,8.477691895520222,0.0,-18.92,-0.01999999999999602,0.7759919417402585,0
7,10,5,50,50,False,2825.6920130309863,881.2359220323873,158.52,113.10465444508841,120.4,85.3076066661235,54.57260240858759,7.701865522281662,0.0,13.800000000000011,-0.8399999999999892,-0.05106751131526721,0
7,10,10,50,50,False,2825.6920130309863,881.2359220323873,147.62,104.58916516249545,120.4,85.3076066661235,54.77356763430385,8.055560970309468,0.0,2.9000000000000057,-0.8399999999999892,0.14989771440099275,0
7,10,20,50,50,False,2825.6920130309863,881.2359220323873,123.06,82.28060748041995,120.4,85.3076066661235,55.43421429101778,8.454813896641665,0.0,-21.659999999999997,-0.8399999999999892,0.8105443711149221,0
7,15,5,50,50,False,2825.6920130309863,881.2359220323873,155.64,111.0891827794779,120.12,85.29484038274747,54.62827104313524,7.7428925517190486,0.0,10.919999999999987,-1.1199999999999903,0.004601123232383486,0
7,15,10,50,50,False,2825.6920130309863,881.2359220323873,144.42,102.18871897481779,120.12,85.29484038274747,54.86802545809767,8.068988119823137,0.0,-0.30000000000001137,-1.1199999999999903,0.24435553819481015,0
7,15,20,50,50,False,2825.6920130309863,881.2359220323873,120.5,80.64238263810799,120.12,85.29484038274747,55.47538406342579,8.540614364021492,0.0,-24.22,-1.1199999999999903,0.8517141435229334,0
7,20,5,50,50,False,2825.6920130309863,881.2359220323873,152.4,108.65466733966784,119.7,85.04314631229185,54.685889722339056,7.8283445163478405,0.0,7.680000000000007,-1.539999999999992,0.0622198024361964,0
7,20,10,50,50,False,2825.6920130309863,881.2359220323873,141.74,100.35423178289341,119.7,85.04314631229185,55.05968510727635,8.185674884356114,0.0,-2.9799999999999898,-1.539999999999992,0.4360151873734921,0
7,20,20,50,50,False,2825.6920130309863,881.2359220323873,118.14,79.11165191921955,119.7,85.04314631229185,55.80895283417084,8.538863529089406,0.0,-26.58,-1.539999999999992,1.1852829142679795,0
