seed,closing_kernel,pruning_iterations,min_component_pixels,trait,reference_type,n_distinct_images,n_valid_pairs,n_invalid_pairs,n_mape,n_zero_reference,mae,bias_estimate_minus_reference,ccc,mape_percent_nonzero_reference,reference_valid_angle_n,prediction_valid_angle_n,delta_mae_from_5_15_10,delta_valid_pairs_from_5_15_10
42,3,5,5,dominant_path_length,annotation_mask_same_extractor,50,50,0,50,0,1271.947635844137,-1196.410732575076,0.2664456353045647,43.0888281686224,50,50,0.0,0
42,3,5,5,retained_segment_count,annotation_mask_same_extractor,50,50,0,50,0,222.18,222.18,0.33163097909468725,196.82875641612154,50,50,126.96000000000001,0
42,3,5,5,junction_region_count,annotation_mask_same_extractor,50,50,0,50,0,141.02,140.26,0.36694287733798325,191.8467081031114,50,50,35.20000000000002,0
42,3,5,5,mean_local_acute_angle_deg,annotation_mask_same_extractor,50,50,0,50,0,6.166430608728592,-3.382419002225167,0.20452045914549918,10.985313887669172,50,50,-1.1500354605827718,0
42,3,5,10,dominant_path_length,annotation_mask_same_extractor,50,50,0,50,0,1271.947635844137,-1196.410732575076,0.2664456353045647,43.0888281686224,50,50,0.0,0
42,3,5,10,retained_segment_count,annotation_mask_same_extractor,50,50,0,50,0,158.86,158.86,0.41406956173509835,158.42623876381055,50,50,63.640000000000015,0
42,3,5,10,junction_region_count,annotation_mask_same_extractor,50,50,0,50,0,141.02,140.26,0.36694287733798325,191.8467081031114,50,50,35.20000000000002,0
42,3,5,10,mean_local_acute_angle_deg,annotation_mask_same_extractor,50,50,0,50,0,6.709030049159729,-4.182270349047028,0.16145780556504563,11.77925559571284,50,50,-0.6074360201516349,0
42,3,5,20,dominant_path_length,annotation_mask_same_extractor,50,50,0,50,0,1271.947635844137,-1196.410732575076,0.2664456353045647,43.0888281686224,50,50,0.0,0
42,3,5,20,retained_segment_count,annotation_mask_same_extractor,50,50,0,50,0,76.36,76.12,0.5999917033392793,94.40261047962358,50,50,-18.86,0
42,3,5,20,junction_region_count,annotation_mask_same_extractor,50,50,0,50,0,141.02,140.26,0.36694287733798325,191.8467081031114,50,50,35.20000000000002,0
42,3,5,20,mean_local_acute_angle_deg,annotation_mask_same_extractor,50,50,0,50,0,7.343198596259347,-4.25796314015503,0.1666481261758671,12.842496380989116,50,50,0.026732526947983004,0
42,3,10,5,dominant_path_length,annotation_mask_same_extractor,50,50,0,50,0,1271.947635844137,-1196.410732575076,0.2664456353045647,43.0888281686224,50,50,0.0,0
42,3,10,5,retained_segment_count,annotation_mask_same_extractor,50,50,0,50,0,177.28,177.28,0.4017488592256008,163.78629843714117,50,50,82.06,0
42,3,10,5,junction_region_count,annotation_mask_same_extractor,50,50,0,50,0,135.6,134.64,0.3783604256714943,186.71103173126764,50,50,29.78,0
42,3,10,5,mean_local_acute_angle_deg,annotation_mask_same_extractor,50,50,0,50,0,6.390574835830774,-3.323480530462764,0.22181517908258375,11.434748518842605,50,50,-0.9258912334805895,0
42,3,10,10,dominant_path_length,annotation_mask_same_extractor,50,50,0,50,0,1271.947635844137,-1196.410732575076,0.2664456353045647,43.0888281686224,50,50,0.0,0
42,3,10,10,retained_segment_count,annotation_mask_same_extractor,50,50,0,50,0,129.94,129.38,0.4771411302503839,133.30892516423214,50,50,34.72,0
42,3,10,10,junction_region_count,annotation_mask_same_extractor,50,50,0,50,0,135.6,134.64,0.3783604256714943,186.71103173126764,50,50,29.78,0
42,3,10,10,mean_local_acute_angle_deg,annotation_mask_same_extractor,50,50,0,50,0,6.929411932653555,-4.012026757500713,0.16986289568397675,12.240319868701347,50,50,-0.38705413665780863,0
42,3,10,20,dominant_path_length,annotation_mask_same_extractor,50,50,0,50,0,1271.947635844137,-1196.410732575076,0.2664456353045647,43.0888281686224,50,50,0.0,0
42,3,10,20,retained_segment_count,annotation_mask_same_extractor,50,50,0,50,0,63.96,62.72,0.649653506853412,80.31128461040414,50,50,-31.259999999999998,0
42,3,10,20,junction_region_count,annotation_mask_same_extractor,50,50,0,50,0,135.6,134.64,0.3783604256714943,186.71103173126764,50,50,29.78,0
42,3,10,20,mean_local_acute_angle_deg,annotation_mask_same_extractor,50,50,0,50,0,7.689554291955631,-4.3051052157598555,0.13380801625238367,13.491829827440444,50,50,0.37308822264426666,0
42,3,15,5,dominant_path_length,annotation_mask_same_extractor,50,50,0,50,0,1271.947635844137,-1196.410732575076,0.2664456353045647,43.0888281686224,50,50,0.0,0
42,3,15,5,retained_segment_count,annotation_mask_same_extractor,50,50,0,50,0,150.4,149.36,0.44838014648849633,142.48708245074826,50,50,55.18000000000001,0
42,3,15,5,junction_region_count,annotation_mask_same_extractor,50,50,0,50,0,131.76,130.64,0.3878744794105238,182.0146938713719,50,50,25.939999999999998,0
42,3,15,5,mean_local_acute_angle_deg,annotation_mask_same_extractor,50,50,0,50,0,6.715582582974869,-3.2405134001579414,0.1717914412346456,12.062555106829508,50,50,-0.6008834863364951,0
42,3,15,10,dominant_path_length,annotation_mask_same_extractor,50,50,0,50,0,1271.947635844137,-1196.410732575076,0.2664456353045647,43.0888281686224,50,50,0.0,0
42,3,15,10,retained_segment_count,annotation_mask_same_extractor,50,50,0,50,0,112.16,110.84,0.5192613409918967,118.27273871960375,50,50,16.939999999999998,0
42,3,15,10,junction_region_count,annotation_mask_same_extractor,50,50,0,50,0,131.76,130.64,0.3878744794105238,182.0146938713719,50,50,25.939999999999998,0
42,3,15,10,mean_local_acute_angle_deg,annotation_mask_same_extractor,50,50,0,50,0,7.312254057567144,-4.165144565470154,0.13274183899356748,12.92933160478015,50,50,-0.004212011744219701,0
42,3,15,20,dominant_path_length,annotation_mask_same_extractor,50,50,0,50,0,1271.947635844137,-1196.410732575076,0.2664456353045647,43.0888281686224,50,50,0.0,0
42,3,15,20,retained_segment_count,annotation_mask_same_extractor,50,50,0,50,0,56.58,54.62,0.67566613069277,74.08693563044305,50,50,-38.64,0
42,3,15,20,junction_region_count,annotation_mask_same_extractor,50,50,0,50,0,131.76,130.64,0.3878744794105238,182.0146938713719,50,50,25.939999999999998,0
42,3,15,20,mean_local_acute_angle_deg,annotation_mask_same_extractor,50,50,0,50,0,7.905243605565911,-4.285135160928444,0.1353717501696874,13.916494195795273,50,50,0.5887775362545469,0
42,3,20,5,dominant_path_length,annotation_mask_same_extractor,50,50,0,50,0,1271.947635844137,-1196.410732575076,0.2664456353045647,43.0888281686224,50,50,0.0,0
42,3,20,5,retained_segment_count,annotation_mask_same_extractor,50,50,0,50,0,134.34,132.22,0.4779323202366983,130.5395101591824,50,50,39.120000000000005,0
42,3,20,5,junction_region_count,annotation_mask_same_extractor,50,50,0,50,0,129.42,128.1,0.3932202284303465,179.01091044946892,50,50,23.599999999999994,0
42,3,20,5,mean_local_acute_angle_deg,annotation_mask_same_extractor,50,50,0,50,0,7.061902695828259,-3.334443587400376,0.11666457793170769,12.762542004634197,50,50,-0.254563373483105,0
42,3,20,10,dominant_path_length,annotation_mask_same_extractor,50,50,0,50,0,1271.947635844137,-1196.410732575076,0.2664456353045647,43.0888281686224,50,50,0.0,0
42,3,20,10,retained_segment_count,annotation_mask_same_extractor,50,50,0,50,0,101.1,99.18,0.546586813406803,108.52992943233004,50,50,5.8799999999999955,0
42,3,20,10,junction_region_count,annotation_mask_same_extractor,50,50,0,50,0,129.42,128.1,0.3932202284303465,179.01091044946892,50,50,23.599999999999994,0
42,3,20,10,mean_local_acute_angle_deg,annotation_mask_same_extractor,50,50,0,50,0,7.42380224609822,-4.158171756576809,0.1068177910071371,13.14510107424997,50,50,0.10733617678685636,0
42,3,20,20,dominant_path_length,annotation_mask_same_extractor,50,50,0,50,0,1271.947635844137,-1196.410732575076,0.2664456353045647,43.0888281686224,50,50,0.0,0
42,3,20,20,retained_segment_count,annotation_mask_same_extractor,50,50,0,50,0,50.32,48.32,0.6966760218037259,67.76409518257769,50,50,-44.9,0
42,3,20,20,junction_region_count,annotation_mask_same_extractor,50,50,0,50,0,129.42,128.1,0.3932202284303465,179.01091044946892,50,50,23.599999999999994,0
42,3,20,20,mean_local_acute_angle_deg,annotation_mask_same_extractor,50,50,0,50,0,7.865287304006004,-3.9953413646039104,0.12866779591113994,13.94315893427788,50,50,0.54882123469464,0
42,5,5,5,dominant_path_length,annotation_mask_same_extractor,50,50,0,50,0,1271.947635844137,-1196.410732575076,0.2664456353045647,43.0888281686224,50,50,0.0,0
42,5,5,5,retained_segment_count,annotation_mask_same_extractor,50,50,0,50,0,192.9,192.9,0.3726194362366435,170.92607369982312,50,50,97.68,0
42,5,5,5,junction_region_count,annotation_mask_same_extractor,50,50,0,50,0,114.22,113.34,0.4416443123157003,149.63200411177436,50,50,8.400000000000006,0
42,5,5,5,mean_local_acute_angle_deg,annotation_mask_same_extractor,50,50,0,50,0,6.376435167034342,-3.35796509390825,0.21250049624218087,11.396520903314075,50,50,-0.9400309022770221,0
42,5,5,10,dominant_path_length,annotation_mask_same_extractor,50,50,0,50,0,1271.947635844137,-1196.410732575076,0.2664456353045647,43.0888281686224,50,50,0.0,0
42,5,5,10,retained_segment_count,annotation_mask_same_extractor,50,50,0,50,0,139.44,139.44,0.46080778805971845,135.2183487405291,50,50,44.22,0
42,5,5,10,junction_region_count,annotation_mask_same_extractor,50,50,0,50,0,114.22,113.34,0.4416443123157003,149.63200411177436,50,50,8.400000000000006,0
42,5,5,10,mean_local_acute_angle_deg,annotation_mask_same_extractor,50,50,0,50,0,7.000126632934629,-4.15764519598867,0.18915617373353275,12.317036051887932,50,50,-0.3163394363767349,0
42,5,5,20,dominant_path_length,annotation_mask_same_extractor,50,50,0,50,0,1271.947635844137,-1196.410732575076,0.2664456353045647,43.0888281686224,50,50,0.0,0
42,5,5,20,retained_segment_count,annotation_mask_same_extractor,50,50,0,50,0,71.32,71.08,0.6198460919866688,86.39332039145214,50,50,-23.900000000000006,0
42,5,5,20,junction_region_count,annotation_mask_same_extractor,50,50,0,50,0,114.22,113.34,0.4416443123157003,149.63200411177436,50,50,8.400000000000006,0
42,5,5,20,mean_local_acute_angle_deg,annotation_mask_same_extractor,50,50,0,50,0,7.377908309898011,-4.277351607486318,0.2366844637895511,12.858889785095922,50,50,0.061442240586647046,0
42,5,10,5,dominant_path_length,annotation_mask_same_extractor,50,50,0,50,0,1271.947635844137,-1196.410732575076,0.2664456353045647,43.0888281686224,50,50,0.0,0
42,5,10,5,retained_segment_count,annotation_mask_same_extractor,50,50,0,50,0,149.48,149.48,0.456811982204656,138.6179146461139,50,50,54.25999999999999,0
42,5,10,5,junction_region_count,annotation_mask_same_extractor,50,50,0,50,0,109.16,108.2,0.4558452804772443,144.6474433121646,50,50,3.3400000000000034,0
42,5,10,5,mean_local_acute_angle_deg,annotation_mask_same_extractor,50,50,0,50,0,6.518425558102459,-3.3759722377636403,0.23684269155074775,11.597158492340515,50,50,-0.7980405112089048,0
42,5,10,10,dominant_path_length,annotation_mask_same_extractor,50,50,0,50,0,1271.947635844137,-1196.410732575076,0.2664456353045647,43.0888281686224,50,50,0.0,0
42,5,10,10,retained_segment_count,annotation_mask_same_extractor,50,50,0,50,0,111.66,111.5,0.5292787169924612,113.29083372111708,50,50,16.439999999999998,0
42,5,10,10,junction_region_count,annotation_mask_same_extractor,50,50,0,50,0,109.16,108.2,0.4558452804772443,144.6474433121646,50,50,3.3400000000000034,0
42,5,10,10,mean_local_acute_angle_deg,annotation_mask_same_extractor,50,50,0,50,0,7.063405169125024,-3.9478876588397633,0.21986454516152806,12.462377184996118,50,50,-0.2530609001863402,0
42,5,10,20,dominant_path_length,annotation_mask_same_extractor,50,50,0,50,0,1271.947635844137,-1196.410732575076,0.2664456353045647,43.0888281686224,50,50,0.0,0
42,5,10,20,retained_segment_count,annotation_mask_same_extractor,50,50,0,50,0,58.98,57.78,0.6681184056566827,73.41163123074062,50,50,-36.24,0
42,5,10,20,junction_region_count,annotation_mask_same_extractor,50,50,0,50,0,109.16,108.2,0.4558452804772443,144.6474433121646,50,50,3.3400000000000034,0
42,5,10,20,mean_local_acute_angle_deg,annotation_mask_same_extractor,50,50,0,50,0,7.402361304284332,-4.39231785369476,0.24460724009081244,12.859613652878672,50,50,0.08589523497296803,0
42,5,15,5,dominant_path_length,annotation_mask_same_extractor,50,50,0,50,0,1271.947635844137,-1196.410732575076,0.2664456353045647,43.0888281686224,50,50,0.0,0
42,5,15,5,retained_segment_count,annotation_mask_same_extractor,50,50,0,50,0,124.6,124.12,0.5120090996955811,120.25243716156395,50,50,29.379999999999995,0
42,5,15,5,junction_region_count,annotation_mask_same_extractor,50,50,0,50,0,105.82,104.62,0.4653571044990187,141.27651493252392,50,50,0.0,0
42,5,15,5,mean_local_acute_angle_deg,annotation_mask_same_extractor,50,50,0,50,0,6.801296709803043,-3.3927162497384997,0.21712659695126477,12.10999822162278,50,50,-0.5151693595083211,0
42,5,15,10,dominant_path_length,annotation_mask_same_extractor,50,50,0,50,0,1271.947635844137,-1196.410732575076,0.2664456353045647,43.0888281686224,50,50,0.0,0
42,5,15,10,retained_segment_count,annotation_mask_same_extractor,50,50,0,50,0,95.22,94.3,0.5771929211715385,99.07956693430629,50,50,0.0,0
42,5,15,10,junction_region_count,annotation_mask_same_extractor,50,50,0,50,0,105.82,104.62,0.4653571044990187,141.27651493252392,50,50,0.0,0
42,5,15,10,mean_local_acute_angle_deg,annotation_mask_same_extractor,50,50,0,50,0,7.316466069311364,-4.109348226757322,0.172924234267274,12.871926470190044,50,50,0.0,0
42,5,15,20,dominant_path_length,annotation_mask_same_extractor,50,50,0,50,0,1271.947635844137,-1196.410732575076,0.2664456353045647,43.0888281686224,50,50,0.0,0
42,5,15,20,retained_segment_count,annotation_mask_same_extractor,50,50,0,50,0,51.32,48.96,0.7012508067534308,65.8639199106637,50,50,-43.9,0
42,5,15,20,junction_region_count,annotation_mask_same_extractor,50,50,0,50,0,105.82,104.62,0.4653571044990187,141.27651493252392,50,50,0.0,0
42,5,15,20,mean_local_acute_angle_deg,annotation_mask_same_extractor,50,50,0,50,0,7.696162989441036,-4.431424008881808,0.23128513130227807,13.428154647475758,50,50,0.37969692012967204,0
42,5,20,5,dominant_path_length,annotation_mask_same_extractor,50,50,0,50,0,1271.947635844137,-1196.410732575076,0.2664456353045647,43.0888281686224,50,50,0.0,0
42,5,20,5,retained_segment_count,annotation_mask_same_extractor,50,50,0,50,0,109.68,107.88,0.5481392781308804,108.46858514440171,50,50,14.460000000000008,0
42,5,20,5,junction_region_count,annotation_mask_same_extractor,50,50,0,50,0,103.04,101.8,0.4731503285847444,138.54509248187316,50,50,-2.779999999999987,0
42,5,20,5,mean_local_acute_angle_deg,annotation_mask_same_extractor,50,50,0,50,0,6.776546358659378,-3.8080344798523513,0.21930536473675422,11.84766493980249,50,50,-0.5399197106519855,0
42,5,20,10,dominant_path_length,annotation_mask_same_extractor,50,50,0,50,0,1271.947635844137,-1196.410732575076,0.2664456353045647,43.0888281686224,50,50,0.0,0
42,5,20,10,retained_segment_count,annotation_mask_same_extractor,50,50,0,50,0,84.6,82.6,0.6088529157372503,90.09854748998507,50,50,-10.620000000000005,0
42,5,20,10,junction_region_count,annotation_mask_same_extractor,50,50,0,50,0,103.04,101.8,0.4731503285847444,138.54509248187316,50,50,-2.779999999999987,0
42,5,20,10,mean_local_acute_angle_deg,annotation_mask_same_extractor,50,50,0,50,0,7.44199468328357,-4.514810169938104,0.19068498863314318,12.89830276856937,50,50,0.1255286139722065,0
42,5,20,20,dominant_path_length,annotation_mask_same_extractor,50,50,0,50,0,1271.947635844137,-1196.410732575076,0.2664456353045647,43.0888281686224,50,50,0.0,0
42,5,20,20,retained_segment_count,annotation_mask_same_extractor,50,50,0,50,0,46.08,43.2,0.7211148400778192,61.24984512823302,50,50,-49.14,0
42,5,20,20,junction_region_count,annotation_mask_same_extractor,50,50,0,50,0,103.04,101.8,0.4731503285847444,138.54509248187316,50,50,-2.779999999999987,0
42,5,20,20,mean_local_acute_angle_deg,annotation_mask_same_extractor,50,50,0,50,0,7.6435135972695845,-4.839460378386161,0.23810866244756287,12.965776869193945,50,50,0.32704752795822056,0
42,7,5,5,dominant_path_length,annotation_mask_same_extractor,50,50,0,50,0,1271.947635844137,-1196.410732575076,0.2664456353045647,43.0888281686224,50,50,0.0,0
42,7,5,5,retained_segment_count,annotation_mask_same_extractor,50,50,0,50,0,167.42,167.42,0.4250435412204804,145.30269654502732,50,50,72.19999999999999,0
42,7,5,5,junction_region_count,annotation_mask_same_extractor,50,50,0,50,0,92.16,91.88,0.5267071735343953,115.0420878512366,50,50,-13.659999999999997,0
42,7,5,5,mean_local_acute_angle_deg,annotation_mask_same_extractor,50,50,0,50,0,6.358247718459983,-3.591220877457395,0.22187315875059002,11.174132226628616,50,50,-0.9582183508513813,0
42,7,5,10,dominant_path_length,annotation_mask_same_extractor,50,50,0,50,0,1271.947635844137,-1196.410732575076,0.2664456353045647,43.0888281686224,50,50,0.0,0
42,7,5,10,retained_segment_count,annotation_mask_same_extractor,50,50,0,50,0,124.54,124.54,0.5068493207526589,118.37057527279569,50,50,29.320000000000007,0
42,7,5,10,junction_region_count,annotation_mask_same_extractor,50,50,0,50,0,92.16,91.88,0.5267071735343953,115.0420878512366,50,50,-13.659999999999997,0
42,7,5,10,mean_local_acute_angle_deg,annotation_mask_same_extractor,50,50,0,50,0,7.019859096734848,-4.402537048379307,0.16918222676130795,12.137894723605607,50,50,-0.2966069725765159,0
42,7,5,20,dominant_path_length,annotation_mask_same_extractor,50,50,0,50,0,1271.947635844137,-1196.410732575076,0.2664456353045647,43.0888281686224,50,50,0.0,0
42,7,5,20,retained_segment_count,annotation_mask_same_extractor,50,50,0,50,0,68.0,67.44,0.6248101949001335,80.1857234824819,50,50,-27.22,0
42,7,5,20,junction_region_count,annotation_mask_same_extractor,50,50,0,50,0,92.16,91.88,0.5267071735343953,115.0420878512366,50,50,-13.659999999999997,0
42,7,5,20,mean_local_acute_angle_deg,annotation_mask_same_extractor,50,50,0,50,0,7.345993732881487,-4.484357117147355,0.18647897685264123,12.563240327043754,50,50,0.029527663570123153,0
42,7,10,5,dominant_path_length,annotation_mask_same_extractor,50,50,0,50,0,1271.947635844137,-1196.410732575076,0.2664456353045647,43.0888281686224,50,50,0.0,0
42,7,10,5,retained_segment_count,annotation_mask_same_extractor,50,50,0,50,0,130.02,129.9,0.5091238414158002,117.48321737222543,50,50,34.80000000000001,0
42,7,10,5,junction_region_count,annotation_mask_same_extractor,50,50,0,50,0,87.26,86.9,0.5443688495423796,110.91493075651675,50,50,-18.559999999999988,0
42,7,10,5,mean_local_acute_angle_deg,annotation_mask_same_extractor,50,50,0,50,0,6.4112845882842135,-3.8420486126727713,0.21776176719379248,11.191693976985327,50,50,-0.9051814810271503,0
42,7,10,10,dominant_path_length,annotation_mask_same_extractor,50,50,0,50,0,1271.947635844137,-1196.410732575076,0.2664456353045647,43.0888281686224,50,50,0.0,0
42,7,10,10,retained_segment_count,annotation_mask_same_extractor,50,50,0,50,0,98.5,98.3,0.5785900333690963,97.77744952400982,50,50,3.280000000000001,0
42,7,10,10,junction_region_count,annotation_mask_same_extractor,50,50,0,50,0,87.26,86.9,0.5443688495423796,110.91493075651675,50,50,-18.559999999999988,0
42,7,10,10,mean_local_acute_angle_deg,annotation_mask_same_extractor,50,50,0,50,0,6.926703443065551,-4.374501228915312,0.21109721216169192,12.0101998080956,50,50,-0.3897626262458127,0
42,7,10,20,dominant_path_length,annotation_mask_same_extractor,50,50,0,50,0,1271.947635844137,-1196.410732575076,0.2664456353045647,43.0888281686224,50,50,0.0,0
42,7,10,20,retained_segment_count,annotation_mask_same_extractor,50,50,0,50,0,55.9,54.34,0.6738874592093078,67.03089875521154,50,50,-39.32,0
42,7,10,20,junction_region_count,annotation_mask_same_extractor,50,50,0,50,0,87.26,86.9,0.5443688495423796,110.91493075651675,50,50,-18.559999999999988,0
42,7,10,20,mean_local_acute_angle_deg,annotation_mask_same_extractor,50,50,0,50,0,7.410651134337212,-4.7096607700114745,0.20390158153075527,12.714630156560686,50,50,0.09418506502584822,0
42,7,15,5,dominant_path_length,annotation_mask_same_extractor,50,50,0,50,0,1271.947635844137,-1196.410732575076,0.2664456353045647,43.0888281686224,50,50,0.0,0
42,7,15,5,retained_segment_count,annotation_mask_same_extractor,50,50,0,50,0,105.9,105.5,0.5688084480206673,99.35575969228927,50,50,10.680000000000007,0
42,7,15,5,junction_region_count,annotation_mask_same_extractor,50,50,0,50,0,84.16,83.44,0.5558913398757849,107.53356867720846,50,50,-21.659999999999997,0
42,7,15,5,mean_local_acute_angle_deg,annotation_mask_same_extractor,50,50,0,50,0,6.595998250850499,-3.7843243816836405,0.2129429662636614,11.548983215936794,50,50,-0.7204678184608646,0
42,7,15,10,dominant_path_length,annotation_mask_same_extractor,50,50,0,50,0,1271.947635844137,-1196.410732575076,0.2664456353045647,43.0888281686224,50,50,0.0,0
42,7,15,10,retained_segment_count,annotation_mask_same_extractor,50,50,0,50,0,82.04,81.4,0.6237586341545931,84.15078965839767,50,50,-13.179999999999993,0
42,7,15,10,junction_region_count,annotation_mask_same_extractor,50,50,0,50,0,84.16,83.44,0.5558913398757849,107.53356867720846,50,50,-21.659999999999997,0
42,7,15,10,mean_local_acute_angle_deg,annotation_mask_same_extractor,50,50,0,50,0,7.173529972620949,-4.4557446965298375,0.18888871539140753,12.478038770722327,50,50,-0.14293609669041452,0
42,7,15,20,dominant_path_length,annotation_mask_same_extractor,50,50,0,50,0,1271.947635844137,-1196.410732575076,0.2664456353045647,43.0888281686224,50,50,0.0,0
42,7,15,20,retained_segment_count,annotation_mask_same_extractor,50,50,0,50,0,48.32,45.56,0.7052381103669954,59.62082141889146,50,50,-46.9,0
42,7,15,20,junction_region_count,annotation_mask_same_extractor,50,50,0,50,0,84.16,83.44,0.5558913398757849,107.53356867720846,50,50,-21.659999999999997,0
42,7,15,20,mean_local_acute_angle_deg,annotation_mask_same_extractor,50,50,0,50,0,7.467760774145827,-4.689825859288655,0.23042601572392477,12.852595997281913,50,50,0.15129470483446283,0
42,7,20,5,dominant_path_length,annotation_mask_same_extractor,50,50,0,50,0,1271.947635844137,-1196.410732575076,0.2664456353045647,43.0888281686224,50,50,0.0,0
42,7,20,5,retained_segment_count,annotation_mask_same_extractor,50,50,0,50,0,90.24,89.48,0.6074383141858323,87.53744018352847,50,50,-4.980000000000004,0
42,7,20,5,junction_region_count,annotation_mask_same_extractor,50,50,0,50,0,81.52,80.8,0.5648237507437586,105.46720796401287,50,50,-24.299999999999997,0
42,7,20,5,mean_local_acute_angle_deg,annotation_mask_same_extractor,50,50,0,50,0,6.73765042828474,-3.80112438016296,0.20232179854169904,11.800595596028185,50,50,-0.5788156410266243,0
42,7,20,10,dominant_path_length,annotation_mask_same_extractor,50,50,0,50,0,1271.947635844137,-1196.410732575076,0.2664456353045647,43.0888281686224,50,50,0.0,0
42,7,20,10,retained_segment_count,annotation_mask_same_extractor,50,50,0,50,0,71.06,69.14,0.662503730643353,74.24877928714517,50,50,-24.159999999999997,0
42,7,20,10,junction_region_count,annotation_mask_same_extractor,50,50,0,50,0,81.52,80.8,0.5648237507437586,105.46720796401287,50,50,-24.299999999999997,0
42,7,20,10,mean_local_acute_angle_deg,annotation_mask_same_extractor,50,50,0,50,0,7.373097263288897,-4.590957915796377,0.1794286225041706,12.724663759354012,50,50,0.05663119397753302,0
42,7,20,20,dominant_path_length,annotation_mask_same_extractor,50,50,0,50,0,1271.947635844137,-1196.410732575076,0.2664456353045647,43.0888281686224,50,50,0.0,0
42,7,20,20,retained_segment_count,annotation_mask_same_extractor,50,50,0,50,0,43.66,39.58,0.727109409994517,55.48523964441726,50,50,-51.56,0
42,7,20,20,junction_region_count,annotation_mask_same_extractor,50,50,0,50,0,81.52,80.8,0.5648237507437586,105.46720796401287,50,50,-24.299999999999997,0
42,7,20,20,mean_local_acute_angle_deg,annotation_mask_same_extractor,50,50,0,50,0,7.455750601816884,-4.975265996624031,0.22610476995109316,12.533355676130958,50,50,0.13928453250552053,0
3407,3,5,5,dominant_path_length,annotation_mask_same_extractor,50,50,0,50,0,1198.1276459964279,-1115.9746619172201,0.3443398965389767,40.822172597790114,50,50,0.0,0
3407,3,5,5,retained_segment_count,annotation_mask_same_extractor,50,50,0,50,0,217.0,215.88,0.34363675627039825,192.9903204844986,50,50,114.98,0
3407,3,5,5,junction_region_count,annotation_mask_same_extractor,50,50,0,50,0,138.72,137.28,0.3737988968648192,187.8814738093101,50,50,22.539999999999992,0
3407,3,5,5,mean_local_acute_angle_deg,annotation_mask_same_extractor,50,50,0,50,0,6.094866002564147,-3.9618881748025605,0.2947957888602051,10.832295891256747,50,50,-0.4189439686911509,0
3407,3,5,10,dominant_path_length,annotation_mask_same_extractor,50,50,0,50,0,1198.1276459964279,-1115.9746619172201,0.3443398965389767,40.822172597790114,50,50,0.0,0
3407,3,5,10,retained_segment_count,annotation_mask_same_extractor,50,50,0,50,0,156.72,155.76,0.4238688068936317,155.34455575277704,50,50,54.7,0
3407,3,5,10,junction_region_count,annotation_mask_same_extractor,50,50,0,50,0,138.72,137.28,0.3737988968648192,187.8814738093101,50,50,22.539999999999992,0
3407,3,5,10,mean_local_acute_angle_deg,annotation_mask_same_extractor,50,50,0,50,0,6.931403971189246,-4.857824579774569,0.24859334505213576,12.228916563505448,50,50,0.4175939999339482,0
3407,3,5,20,dominant_path_length,annotation_mask_same_extractor,50,50,0,50,0,1198.1276459964279,-1115.9746619172201,0.3443398965389767,40.822172597790114,50,50,0.0,0
3407,3,5,20,retained_segment_count,annotation_mask_same_extractor,50,50,0,50,0,77.58,75.86,0.6033053116014868,93.89894456849458,50,50,-24.439999999999998,0
3407,3,5,20,junction_region_count,annotation_mask_same_extractor,50,50,0,50,0,138.72,137.28,0.3737988968648192,187.8814738093101,50,50,22.539999999999992,0
3407,3,5,20,mean_local_acute_angle_deg,annotation_mask_same_extractor,50,50,0,50,0,7.143725781596188,-4.722840145475381,0.2798589591137377,12.49865981749713,50,50,0.62991581034089,0
3407,3,10,5,dominant_path_length,annotation_mask_same_extractor,50,50,0,50,0,1198.1276459964279,-1115.9746619172201,0.3443398965389767,40.822172597790114,50,50,0.0,0
3407,3,10,5,retained_segment_count,annotation_mask_same_extractor,50,50,0,50,0,175.24,173.12,0.40608567987115296,161.67080004349108,50,50,73.22000000000001,0
3407,3,10,5,junction_region_count,annotation_mask_same_extractor,50,50,0,50,0,133.74,132.14,0.3842285048350539,183.30374314892347,50,50,17.560000000000002,0
3407,3,10,5,mean_local_acute_angle_deg,annotation_mask_same_extractor,50,50,0,50,0,6.33870588135179,-3.9115359515370858,0.30820420785635183,11.316879182673244,50,50,-0.1751040899035079,0
3407,3,10,10,dominant_path_length,annotation_mask_same_extractor,50,50,0,50,0,1198.1276459964279,-1115.9746619172201,0.3443398965389767,40.822172597790114,50,50,0.0,0
3407,3,10,10,retained_segment_count,annotation_mask_same_extractor,50,50,0,50,0,128.36,126.88,0.48448366665411874,130.56493509968374,50,50,26.340000000000018,0
3407,3,10,10,junction_region_count,annotation_mask_same_extractor,50,50,0,50,0,133.74,132.14,0.3842285048350539,183.30374314892347,50,50,17.560000000000002,0
3407,3,10,10,mean_local_acute_angle_deg,annotation_mask_same_extractor,50,50,0,50,0,7.0116823368316314,-4.7751304061855935,0.27162169595053415,12.389123950743151,50,50,0.49787236557633374,0
3407,3,10,20,dominant_path_length,annotation_mask_same_extractor,50,50,0,50,0,1198.1276459964279,-1115.9746619172201,0.3443398965389767,40.822172597790114,50,50,0.0,0
3407,3,10,20,retained_segment_count,annotation_mask_same_extractor,50,50,0,50,0,65.1,62.34,0.6501133111820305,80.86022052618507,50,50,-36.92,0
3407,3,10,20,junction_region_count,annotation_mask_same_extractor,50,50,0,50,0,133.74,132.14,0.3842285048350539,183.30374314892347,50,50,17.560000000000002,0
3407,3,10,20,mean_local_acute_angle_deg,annotation_mask_same_extractor,50,50,0,50,0,7.2715197148046595,-4.554903874871224,0.2842040465381775,12.770593637741454,50,50,0.7577097435493618,0
3407,3,15,5,dominant_path_length,annotation_mask_same_extractor,50,50,0,50,0,1198.1276459964279,-1115.9746619172201,0.3443398965389767,40.822172597790114,50,50,0.0,0
3407,3,15,5,retained_segment_count,annotation_mask_same_extractor,50,50,0,50,0,149.98,146.9,0.4479814829182778,141.74935735523732,50,50,47.959999999999994,0
3407,3,15,5,junction_region_count,annotation_mask_same_extractor,50,50,0,50,0,130.04,128.36,0.3919390086473173,179.04064233318527,50,50,13.859999999999985,0
3407,3,15,5,mean_local_acute_angle_deg,annotation_mask_same_extractor,50,50,0,50,0,6.357880723728187,-3.7096022362395384,0.30981328015754994,11.349542084473802,50,50,-0.15592924752711035,0
3407,3,15,10,dominant_path_length,annotation_mask_same_extractor,50,50,0,50,0,1198.1276459964279,-1115.9746619172201,0.3443398965389767,40.822172597790114,50,50,0.0,0
3407,3,15,10,retained_segment_count,annotation_mask_same_extractor,50,50,0,50,0,112.0,109.68,0.5242012500885209,117.29564043445318,50,50,9.980000000000004,0
3407,3,15,10,junction_region_count,annotation_mask_same_extractor,50,50,0,50,0,130.04,128.36,0.3919390086473173,179.04064233318527,50,50,13.859999999999985,0
3407,3,15,10,mean_local_acute_angle_deg,annotation_mask_same_extractor,50,50,0,50,0,6.89226513386938,-4.494863813759438,0.26736009819245027,12.113874325952635,50,50,0.37845516261408196,0
3407,3,15,20,dominant_path_length,annotation_mask_same_extractor,50,50,0,50,0,1198.1276459964279,-1115.9746619172201,0.3443398965389767,40.822172597790114,50,50,0.0,0
3407,3,15,20,retained_segment_count,annotation_mask_same_extractor,50,50,0,50,0,58.3,54.34,0.683003184799395,74.81401919709798,50,50,-43.72,0
3407,3,15,20,junction_region_count,annotation_mask_same_extractor,50,50,0,50,0,130.04,128.36,0.3919390086473173,179.04064233318527,50,50,13.859999999999985,0
3407,3,15,20,mean_local_acute_angle_deg,annotation_mask_same_extractor,50,50,0,50,0,7.602332137982808,-4.3271581306557385,0.2625234879927969,13.420854560438986,50,50,1.0885221667275102,0
3407,3,20,5,dominant_path_length,annotation_mask_same_extractor,50,50,0,50,0,1198.1276459964279,-1115.9746619172201,0.3443398965389767,40.822172597790114,50,50,0.0,0
3407,3,20,5,retained_segment_count,annotation_mask_same_extractor,50,50,0,50,0,134.16,130.0,0.47884574441916233,130.44309238776128,50,50,32.14,0
3407,3,20,5,junction_region_count,annotation_mask_same_extractor,50,50,0,50,0,127.44,125.64,0.3977307730668752,176.0188313171375,50,50,11.259999999999991,0
3407,3,20,5,mean_local_acute_angle_deg,annotation_mask_same_extractor,50,50,0,50,0,6.698956119300351,-3.7940756501730757,0.27091788032991126,12.00289091685116,50,50,0.18514614804505314,0
3407,3,20,10,dominant_path_length,annotation_mask_same_extractor,50,50,0,50,0,1198.1276459964279,-1115.9746619172201,0.3443398965389767,40.822172597790114,50,50,0.0,0
3407,3,20,10,retained_segment_count,annotation_mask_same_extractor,50,50,0,50,0,100.9,97.26,0.550788620868611,108.13784383023713,50,50,-1.1199999999999903,0
3407,3,20,10,junction_region_count,annotation_mask_same_extractor,50,50,0,50,0,127.44,125.64,0.3977307730668752,176.0188313171375,50,50,11.259999999999991,0
3407,3,20,10,mean_local_acute_angle_deg,annotation_mask_same_extractor,50,50,0,50,0,7.339031211344139,-4.627852368244966,0.23692503984610389,12.926699986498203,50,50,0.8252212400888412,0
3407,3,20,20,dominant_path_length,annotation_mask_same_extractor,50,50,0,50,0,1198.1276459964279,-1115.9746619172201,0.3443398965389767,40.822172597790114,50,50,0.0,0
3407,3,20,20,retained_segment_count,annotation_mask_same_extractor,50,50,0,50,0,52.96,48.24,0.7068689662835466,69.66247551835994,50,50,-49.059999999999995,0
3407,3,20,20,junction_region_count,annotation_mask_same_extractor,50,50,0,50,0,127.44,125.64,0.3977307730668752,176.0188313171375,50,50,11.259999999999991,0
3407,3,20,20,mean_local_acute_angle_deg,annotation_mask_same_extractor,50,50,0,50,0,7.943073595510145,-4.225057967868064,0.2264875061956399,14.103160682547495,50,50,1.4292636242548475,0
3407,5,5,5,dominant_path_length,annotation_mask_same_extractor,50,50,0,50,0,1198.1276459964279,-1115.9746619172201,0.3443398965389767,40.822172597790114,50,50,0.0,0
3407,5,5,5,retained_segment_count,annotation_mask_same_extractor,50,50,0,50,0,197.16,195.8,0.3647901191925494,172.93816051753956,50,50,95.14,0
3407,5,5,5,junction_region_count,annotation_mask_same_extractor,50,50,0,50,0,124.06,121.1,0.408049439041058,158.31335942250612,50,50,7.8799999999999955,0
3407,5,5,5,mean_local_acute_angle_deg,annotation_mask_same_extractor,50,50,0,50,0,5.838115165573554,-3.5483941567593864,0.3871096514748938,10.397215524598817,50,50,-0.6756948056817436,0
3407,5,5,10,dominant_path_length,annotation_mask_same_extractor,50,50,0,50,0,1198.1276459964279,-1115.9746619172201,0.3443398965389767,40.822172597790114,50,50,0.0,0
3407,5,5,10,retained_segment_count,annotation_mask_same_extractor,50,50,0,50,0,143.86,142.78,0.44705887231742886,138.38510255418964,50,50,41.84000000000002,0
3407,5,5,10,junction_region_count,annotation_mask_same_extractor,50,50,0,50,0,124.06,121.1,0.408049439041058,158.31335942250612,50,50,7.8799999999999955,0
3407,5,5,10,mean_local_acute_angle_deg,annotation_mask_same_extractor,50,50,0,50,0,6.451645915344658,-4.386055920356742,0.3559409417081299,11.34285767752442,50,50,-0.06216405591063978,0
3407,5,5,20,dominant_path_length,annotation_mask_same_extractor,50,50,0,50,0,1198.1276459964279,-1115.9746619172201,0.3443398965389767,40.822172597790114,50,50,0.0,0
3407,5,5,20,retained_segment_count,annotation_mask_same_extractor,50,50,0,50,0,72.28,70.8,0.625347860725831,86.18925979200982,50,50,-29.739999999999995,0
3407,5,5,20,junction_region_count,annotation_mask_same_extractor,50,50,0,50,0,124.06,121.1,0.408049439041058,158.31335942250612,50,50,7.8799999999999955,0
3407,5,5,20,mean_local_acute_angle_deg,annotation_mask_same_extractor,50,50,0,50,0,6.853177655385691,-4.464622237434206,0.3739193814816443,12.034815265480486,50,50,0.3393676841303934,0
3407,5,10,5,dominant_path_length,annotation_mask_same_extractor,50,50,0,50,0,1198.1276459964279,-1115.9746619172201,0.3443398965389767,40.822172597790114,50,50,0.0,0
3407,5,10,5,retained_segment_count,annotation_mask_same_extractor,50,50,0,50,0,158.76,155.68,0.4292534379851463,144.5790418094205,50,50,56.739999999999995,0
3407,5,10,5,junction_region_count,annotation_mask_same_extractor,50,50,0,50,0,119.6,116.36,0.4192924113232376,154.24440917769766,50,50,3.4199999999999875,0
3407,5,10,5,mean_local_acute_angle_deg,annotation_mask_same_extractor,50,50,0,50,0,6.037173459010672,-3.537139844397393,0.39244426371076185,10.767400340822798,50,50,-0.47663651224462544,0
3407,5,10,10,dominant_path_length,annotation_mask_same_extractor,50,50,0,50,0,1198.1276459964279,-1115.9746619172201,0.3443398965389767,40.822172597790114,50,50,0.0,0
3407,5,10,10,retained_segment_count,annotation_mask_same_extractor,50,50,0,50,0,117.42,115.42,0.5099112275078719,117.34822851362708,50,50,15.400000000000006,0
3407,5,10,10,junction_region_count,annotation_mask_same_extractor,50,50,0,50,0,119.6,116.36,0.4192924113232376,154.24440917769766,50,50,3.4199999999999875,0
3407,5,10,10,mean_local_acute_angle_deg,annotation_mask_same_extractor,50,50,0,50,0,6.636605703498406,-4.1260860434157225,0.36411125229964364,11.760679415063805,50,50,0.12279573224310791,0
3407,5,10,20,dominant_path_length,annotation_mask_same_extractor,50,50,0,50,0,1198.1276459964279,-1115.9746619172201,0.3443398965389767,40.822172597790114,50,50,0.0,0
3407,5,10,20,retained_segment_count,annotation_mask_same_extractor,50,50,0,50,0,60.24,57.68,0.6749799610569672,74.53752540467688,50,50,-41.779999999999994,0
3407,5,10,20,junction_region_count,annotation_mask_same_extractor,50,50,0,50,0,119.6,116.36,0.4192924113232376,154.24440917769766,50,50,3.4199999999999875,0
3407,5,10,20,mean_local_acute_angle_deg,annotation_mask_same_extractor,50,50,0,50,0,6.878623920454614,-4.296013270649928,0.37536065227835463,12.089612029812855,50,50,0.3648139491993163,0
3407,5,15,5,dominant_path_length,annotation_mask_same_extractor,50,50,0,50,0,1198.1276459964279,-1115.9746619172201,0.3443398965389767,40.822172597790114,50,50,0.0,0
3407,5,15,5,retained_segment_count,annotation_mask_same_extractor,50,50,0,50,0,134.58,130.58,0.4765975928470066,127.48785616514967,50,50,32.56000000000002,0
3407,5,15,5,junction_region_count,annotation_mask_same_extractor,50,50,0,50,0,116.18,112.74,0.4274335057712779,151.08294233263058,50,50,0.0,0
3407,5,15,5,mean_local_acute_angle_deg,annotation_mask_same_extractor,50,50,0,50,0,6.159654745376866,-3.630778453777306,0.3995262374182564,10.980564585544013,50,50,-0.35415522587843196,0
3407,5,15,10,dominant_path_length,annotation_mask_same_extractor,50,50,0,50,0,1198.1276459964279,-1115.9746619172201,0.3443398965389767,40.822172597790114,50,50,0.0,0
3407,5,15,10,retained_segment_count,annotation_mask_same_extractor,50,50,0,50,0,102.02,98.9,0.5512506818966366,104.5721476017296,50,50,0.0,0
3407,5,15,10,junction_region_count,annotation_mask_same_extractor,50,50,0,50,0,116.18,112.74,0.4274335057712779,151.08294233263058,50,50,0.0,0
3407,5,15,10,mean_local_acute_angle_deg,annotation_mask_same_extractor,50,50,0,50,0,6.513809971255298,-4.227881514915935,0.3652777035282553,11.440838872334322,50,50,0.0,0
3407,5,15,20,dominant_path_length,annotation_mask_same_extractor,50,50,0,50,0,1198.1276459964279,-1115.9746619172201,0.3443398965389767,40.822172597790114,50,50,0.0,0
3407,5,15,20,retained_segment_count,annotation_mask_same_extractor,50,50,0,50,0,53.48,49.6,0.7070263469181597,68.17418290417828,50,50,-48.54,0
3407,5,15,20,junction_region_count,annotation_mask_same_extractor,50,50,0,50,0,116.18,112.74,0.4274335057712779,151.08294233263058,50,50,0.0,0
3407,5,15,20,mean_local_acute_angle_deg,annotation_mask_same_extractor,50,50,0,50,0,7.056019498434729,-4.487264078130591,0.3636445809704897,12.367246637006996,50,50,0.5422095271794314,0
3407,5,20,5,dominant_path_length,annotation_mask_same_extractor,50,50,0,50,0,1198.1276459964279,-1115.9746619172201,0.3443398965389767,40.822172597790114,50,50,0.0,0
3407,5,20,5,retained_segment_count,annotation_mask_same_extractor,50,50,0,50,0,119.44,114.68,0.5098632456284496,116.29118227876019,50,50,17.42,0
3407,5,20,5,junction_region_count,annotation_mask_same_extractor,50,50,0,50,0,113.7,110.22,0.433611342426938,149.17677827465846,50,50,-2.480000000000004,0
3407,5,20,5,mean_local_acute_angle_deg,annotation_mask_same_extractor,50,50,0,50,0,6.236445228722706,-3.7337534841891147,0.38059799707452663,10.973741825298795,50,50,-0.27736474253259136,0
3407,5,20,10,dominant_path_length,annotation_mask_same_extractor,50,50,0,50,0,1198.1276459964279,-1115.9746619172201,0.3443398965389767,40.822172597790114,50,50,0.0,0
3407,5,20,10,retained_segment_count,annotation_mask_same_extractor,50,50,0,50,0,91.26,87.22,0.5784975524305488,95.96141887812648,50,50,-10.759999999999991,0
3407,5,20,10,junction_region_count,annotation_mask_same_extractor,50,50,0,50,0,113.7,110.22,0.433611342426938,149.17677827465846,50,50,-2.480000000000004,0
3407,5,20,10,mean_local_acute_angle_deg,annotation_mask_same_extractor,50,50,0,50,0,6.674247229320803,-4.339492140790698,0.3658712247743454,11.564797599154877,50,50,0.1604372580655049,0
3407,5,20,20,dominant_path_length,annotation_mask_same_extractor,50,50,0,50,0,1198.1276459964279,-1115.9746619172201,0.3443398965389767,40.822172597790114,50,50,0.0,0
3407,5,20,20,retained_segment_count,annotation_mask_same_extractor,50,50,0,50,0,48.76,44.0,0.7309879546506667,63.122879488691744,50,50,-53.26,0
3407,5,20,20,junction_region_count,annotation_mask_same_extractor,50,50,0,50,0,113.7,110.22,0.433611342426938,149.17677827465846,50,50,-2.480000000000004,0
3407,5,20,20,mean_local_acute_angle_deg,annotation_mask_same_extractor,50,50,0,50,0,7.185920214932661,-4.737813270400744,0.3718976830539735,12.333048018549258,50,50,0.6721102436773636,0
3407,7,5,5,dominant_path_length,annotation_mask_same_extractor,50,50,0,50,0,1198.1276459964279,-1115.9746619172201,0.3443398965389767,40.822172597790114,50,50,0.0,0
3407,7,5,5,retained_segment_count,annotation_mask_same_extractor,50,50,0,50,0,178.92,178.32,0.40021412869434986,153.62373716213827,50,50,76.89999999999999,0
3407,7,5,5,junction_region_count,annotation_mask_same_extractor,50,50,0,50,0,107.0,105.6,0.4569300068139444,130.87683169803802,50,50,-9.180000000000007,0
3407,7,5,5,mean_local_acute_angle_deg,annotation_mask_same_extractor,50,50,0,50,0,6.03504792595789,-3.7089463326909686,0.3788304516297513,10.67369986318106,50,50,-0.4787620452974073,0
3407,7,5,10,dominant_path_length,annotation_mask_same_extractor,50,50,0,50,0,1198.1276459964279,-1115.9746619172201,0.3443398965389767,40.822172597790114,50,50,0.0,0
3407,7,5,10,retained_segment_count,annotation_mask_same_extractor,50,50,0,50,0,132.46,131.66,0.4806417176616471,126.21100987724422,50,50,30.440000000000012,0
3407,7,5,10,junction_region_count,annotation_mask_same_extractor,50,50,0,50,0,107.0,105.6,0.4569300068139444,130.87683169803802,50,50,-9.180000000000007,0
3407,7,5,10,mean_local_acute_angle_deg,annotation_mask_same_extractor,50,50,0,50,0,6.530790266254138,-4.370663460344039,0.36175214446956616,11.42449808713404,50,50,0.016980294998840684,0
3407,7,5,20,dominant_path_length,annotation_mask_same_extractor,50,50,0,50,0,1198.1276459964279,-1115.9746619172201,0.3443398965389767,40.822172597790114,50,50,0.0,0
3407,7,5,20,retained_segment_count,annotation_mask_same_extractor,50,50,0,50,0,68.98,67.42,0.6398993663839829,80.55215563218594,50,50,-33.03999999999999,0
3407,7,5,20,junction_region_count,annotation_mask_same_extractor,50,50,0,50,0,107.0,105.6,0.4569300068139444,130.87683169803802,50,50,-9.180000000000007,0
3407,7,5,20,mean_local_acute_angle_deg,annotation_mask_same_extractor,50,50,0,50,0,7.0148120228988144,-4.738072221203393,0.3815042765813893,12.277695675425168,50,50,0.5010020516435167,0
3407,7,10,5,dominant_path_length,annotation_mask_same_extractor,50,50,0,50,0,1198.1276459964279,-1115.9746619172201,0.3443398965389767,40.822172597790114,50,50,0.0,0
3407,7,10,5,retained_segment_count,annotation_mask_same_extractor,50,50,0,50,0,142.78,141.38,0.4667461146807845,128.2790002902301,50,50,40.760000000000005,0
3407,7,10,5,junction_region_count,annotation_mask_same_extractor,50,50,0,50,0,102.6,101.08,0.46872439475351246,127.12924699958712,50,50,-13.580000000000013,0
3407,7,10,5,mean_local_acute_angle_deg,annotation_mask_same_extractor,50,50,0,50,0,5.887198887094468,-3.7357331549042105,0.40976909765060265,10.370452741560017,50,50,-0.6266110841608299,0
3407,7,10,10,dominant_path_length,annotation_mask_same_extractor,50,50,0,50,0,1198.1276459964279,-1115.9746619172201,0.3443398965389767,40.822172597790114,50,50,0.0,0
3407,7,10,10,retained_segment_count,annotation_mask_same_extractor,50,50,0,50,0,106.56,104.96,0.5490004164231026,105.39121746090811,50,50,4.540000000000006,0
3407,7,10,10,junction_region_count,annotation_mask_same_extractor,50,50,0,50,0,102.6,101.08,0.46872439475351246,127.12924699958712,50,50,-13.580000000000013,0
3407,7,10,10,mean_local_acute_angle_deg,annotation_mask_same_extractor,50,50,0,50,0,6.391492115239936,-4.155900066284843,0.3820072671060777,11.240242102354793,50,50,-0.12231785601536149,0
3407,7,10,20,dominant_path_length,annotation_mask_same_extractor,50,50,0,50,0,1198.1276459964279,-1115.9746619172201,0.3443398965389767,40.822172597790114,50,50,0.0,0
3407,7,10,20,retained_segment_count,annotation_mask_same_extractor,50,50,0,50,0,57.8,54.8,0.685086440444596,69.05360491759751,50,50,-44.22,0
3407,7,10,20,junction_region_count,annotation_mask_same_extractor,50,50,0,50,0,102.6,101.08,0.46872439475351246,127.12924699958712,50,50,-13.580000000000013,0
3407,7,10,20,mean_local_acute_angle_deg,annotation_mask_same_extractor,50,50,0,50,0,6.864448828693449,-4.71222201376764,0.385301787649928,12.020208064227413,50,50,0.3506388574381516,0
3407,7,15,5,dominant_path_length,annotation_mask_same_extractor,50,50,0,50,0,1198.1276459964279,-1115.9746619172201,0.3443398965389767,40.822172597790114,50,50,0.0,0
3407,7,15,5,retained_segment_count,annotation_mask_same_extractor,50,50,0,50,0,119.02,116.66,0.5230505896900117,110.77537721337501,50,50,17.0,0
3407,7,15,5,junction_region_count,annotation_mask_same_extractor,50,50,0,50,0,99.42,97.46,0.47701195648251343,124.19003883594453,50,50,-16.760000000000005,0
3407,7,15,5,mean_local_acute_angle_deg,annotation_mask_same_extractor,50,50,0,50,0,5.988076067365671,-3.739973390331908,0.41115965715011216,10.594253119400154,50,50,-0.5257339038896269,0
3407,7,15,10,dominant_path_length,annotation_mask_same_extractor,50,50,0,50,0,1198.1276459964279,-1115.9746619172201,0.3443398965389767,40.822172597790114,50,50,0.0,0
3407,7,15,10,retained_segment_count,annotation_mask_same_extractor,50,50,0,50,0,90.56,88.04,0.5942860291177984,92.56223687381282,50,50,-11.459999999999994,0
3407,7,15,10,junction_region_count,annotation_mask_same_extractor,50,50,0,50,0,99.42,97.46,0.47701195648251343,124.19003883594453,50,50,-16.760000000000005,0
3407,7,15,10,mean_local_acute_angle_deg,annotation_mask_same_extractor,50,50,0,50,0,6.488507952278033,-4.199756911043359,0.37176994228472277,11.429020504759299,50,50,-0.02530201897726503,0
3407,7,15,20,dominant_path_length,annotation_mask_same_extractor,50,50,0,50,0,1198.1276459964279,-1115.9746619172201,0.3443398965389767,40.822172597790114,50,50,0.0,0
3407,7,15,20,retained_segment_count,annotation_mask_same_extractor,50,50,0,50,0,50.78,46.54,0.7177497221766773,61.781360305160604,50,50,-51.239999999999995,0
3407,7,15,20,junction_region_count,annotation_mask_same_extractor,50,50,0,50,0,99.42,97.46,0.47701195648251343,124.19003883594453,50,50,-16.760000000000005,0
3407,7,15,20,mean_local_acute_angle_deg,annotation_mask_same_extractor,50,50,0,50,0,6.945763893310829,-4.817690171426551,0.3935805191140504,12.148622907587312,50,50,0.4319539220555315,0
3407,7,20,5,dominant_path_length,annotation_mask_same_extractor,50,50,0,50,0,1198.1276459964279,-1115.9746619172201,0.3443398965389767,40.822172597790114,50,50,0.0,0
3407,7,20,5,retained_segment_count,annotation_mask_same_extractor,50,50,0,50,0,103.66,100.34,0.5620459862746395,99.73232211367862,50,50,1.6400000000000006,0
3407,7,20,5,junction_region_count,annotation_mask_same_extractor,50,50,0,50,0,96.68,94.4,0.4864025876684315,122.08179869344417,50,50,-19.5,0
3407,7,20,5,mean_local_acute_angle_deg,annotation_mask_same_extractor,50,50,0,50,0,6.211763445007623,-3.7436404433201007,0.379630423265916,10.9759818742282,50,50,-0.3020465262476746,0
3407,7,20,10,dominant_path_length,annotation_mask_same_extractor,50,50,0,50,0,1198.1276459964279,-1115.9746619172201,0.3443398965389767,40.822172597790114,50,50,0.0,0
3407,7,20,10,retained_segment_count,annotation_mask_same_extractor,50,50,0,50,0,80.56,76.6,0.6253123765396611,83.52487186597116,50,50,-21.459999999999994,0
3407,7,20,10,junction_region_count,annotation_mask_same_extractor,50,50,0,50,0,96.68,94.4,0.4864025876684315,122.08179869344417,50,50,-19.5,0
3407,7,20,10,mean_local_acute_angle_deg,annotation_mask_same_extractor,50,50,0,50,0,6.6254165648861365,-4.420375355966415,0.36367921041787027,11.497082258167756,50,50,0.1116065936308388,0
3407,7,20,20,dominant_path_length,annotation_mask_same_extractor,50,50,0,50,0,1198.1276459964279,-1115.9746619172201,0.3443398965389767,40.822172597790114,50,50,0.0,0
3407,7,20,20,retained_segment_count,annotation_mask_same_extractor,50,50,0,50,0,46.22,40.7,0.7416386569666015,57.420221502689806,50,50,-55.8,0
3407,7,20,20,junction_region_count,annotation_mask_same_extractor,50,50,0,50,0,96.68,94.4,0.4864025876684315,122.08179869344417,50,50,-19.5,0
3407,7,20,20,mean_local_acute_angle_deg,annotation_mask_same_extractor,50,50,0,50,0,7.175107368907923,-5.095847520356547,0.37540562824809576,12.293017707632877,50,50,0.6612973976526249,0
2026,3,5,5,dominant_path_length,annotation_mask_same_extractor,50,50,0,50,0,1161.4953170128615,-1099.219406539536,0.3517843002733329,39.83093939059574,50,50,0.0,0
2026,3,5,5,retained_segment_count,annotation_mask_same_extractor,50,50,0,50,0,212.44,212.44,0.3605180061502061,189.30029621688075,50,50,117.39999999999999,0
2026,3,5,5,junction_region_count,annotation_mask_same_extractor,50,50,0,50,0,138.32,136.08,0.3493738721658833,192.3979572619931,50,50,25.19999999999999,0
2026,3,5,5,mean_local_acute_angle_deg,annotation_mask_same_extractor,50,50,0,50,0,5.830153357491639,-3.383403700750358,0.21581209443024346,10.351482409451613,50,50,-0.8724474347516571,0
2026,3,5,10,dominant_path_length,annotation_mask_same_extractor,50,50,0,50,0,1161.4953170128615,-1099.219406539536,0.3517843002733329,39.83093939059574,50,50,0.0,0
2026,3,5,10,retained_segment_count,annotation_mask_same_extractor,50,50,0,50,0,151.44,151.44,0.4474883122772497,149.6154728025901,50,50,56.39999999999999,0
2026,3,5,10,junction_region_count,annotation_mask_same_extractor,50,50,0,50,0,138.32,136.08,0.3493738721658833,192.3979572619931,50,50,25.19999999999999,0
2026,3,5,10,mean_local_acute_angle_deg,annotation_mask_same_extractor,50,50,0,50,0,6.304575841882395,-3.9924669327677793,0.19540236218590032,11.068338211914877,50,50,-0.39802495036090146,0
2026,3,5,20,dominant_path_length,annotation_mask_same_extractor,50,50,0,50,0,1161.4953170128615,-1099.219406539536,0.3517843002733329,39.83093939059574,50,50,0.0,0
2026,3,5,20,retained_segment_count,annotation_mask_same_extractor,50,50,0,50,0,74.0,72.96,0.6164211420243064,89.69044600878397,50,50,-21.040000000000006,0
2026,3,5,20,junction_region_count,annotation_mask_same_extractor,50,50,0,50,0,138.32,136.08,0.3493738721658833,192.3979572619931,50,50,25.19999999999999,0
2026,3,5,20,mean_local_acute_angle_deg,annotation_mask_same_extractor,50,50,0,50,0,6.9035317378157774,-3.9238101675435506,0.20223864919502532,12.07060422880114,50,50,0.20093094557248126,0
2026,3,10,5,dominant_path_length,annotation_mask_same_extractor,50,50,0,50,0,1161.4953170128615,-1099.219406539536,0.3517843002733329,39.83093939059574,50,50,0.0,0
2026,3,10,5,retained_segment_count,annotation_mask_same_extractor,50,50,0,50,0,168.26,168.26,0.4270772050560977,157.09645450554763,50,50,73.21999999999998,0
2026,3,10,5,junction_region_count,annotation_mask_same_extractor,50,50,0,50,0,133.58,130.98,0.3591157429254786,187.4496900927467,50,50,20.460000000000008,0
2026,3,10,5,mean_local_acute_angle_deg,annotation_mask_same_extractor,50,50,0,50,0,6.150611780898214,-3.208512772492284,0.23517625736422457,11.027356840230725,50,50,-0.551989011345082,0
2026,3,10,10,dominant_path_length,annotation_mask_same_extractor,50,50,0,50,0,1161.4953170128615,-1099.219406539536,0.3517843002733329,39.83093939059574,50,50,0.0,0
2026,3,10,10,retained_segment_count,annotation_mask_same_extractor,50,50,0,50,0,123.68,123.68,0.5024955618566718,126.7837671237041,50,50,28.64,0
2026,3,10,10,junction_region_count,annotation_mask_same_extractor,50,50,0,50,0,133.58,130.98,0.3591157429254786,187.4496900927467,50,50,20.460000000000008,0
2026,3,10,10,mean_local_acute_angle_deg,annotation_mask_same_extractor,50,50,0,50,0,6.468263789045928,-3.9974469557263954,0.22416673280077012,11.368910698989612,50,50,-0.2343370031973686,0
2026,3,10,20,dominant_path_length,annotation_mask_same_extractor,50,50,0,50,0,1161.4953170128615,-1099.219406539536,0.3517843002733329,39.83093939059574,50,50,0.0,0
2026,3,10,20,retained_segment_count,annotation_mask_same_extractor,50,50,0,50,0,63.2,60.36,0.6612045319899046,78.65702074817592,50,50,-31.840000000000003,0
2026,3,10,20,junction_region_count,annotation_mask_same_extractor,50,50,0,50,0,133.58,130.98,0.3591157429254786,187.4496900927467,50,50,20.460000000000008,0
2026,3,10,20,mean_local_acute_angle_deg,annotation_mask_same_extractor,50,50,0,50,0,6.944818027786662,-4.039652240236,0.23293847907679222,12.149755811559983,50,50,0.24221723554336538,0
2026,3,15,5,dominant_path_length,annotation_mask_same_extractor,50,50,0,50,0,1161.4953170128615,-1099.219406539536,0.3517843002733329,39.83093939059574,50,50,0.0,0
2026,3,15,5,retained_segment_count,annotation_mask_same_extractor,50,50,0,50,0,144.84,143.08,0.4658719656502105,139.52412560371098,50,50,49.8,0
2026,3,15,5,junction_region_count,annotation_mask_same_extractor,50,50,0,50,0,130.56,127.4,0.3648323975015734,184.51291616451593,50,50,17.439999999999998,0
2026,3,15,5,mean_local_acute_angle_deg,annotation_mask_same_extractor,50,50,0,50,0,6.4819919992928545,-3.360687873789375,0.218573068858283,11.628521881200495,50,50,-0.22060879295044167,0
2026,3,15,10,dominant_path_length,annotation_mask_same_extractor,50,50,0,50,0,1161.4953170128615,-1099.219406539536,0.3517843002733329,39.83093939059574,50,50,0.0,0
2026,3,15,10,retained_segment_count,annotation_mask_same_extractor,50,50,0,50,0,108.52,106.08,0.5406383048521711,115.20880028028114,50,50,13.47999999999999,0
2026,3,15,10,junction_region_count,annotation_mask_same_extractor,50,50,0,50,0,130.56,127.4,0.3648323975015734,184.51291616451593,50,50,17.439999999999998,0
2026,3,15,10,mean_local_acute_angle_deg,annotation_mask_same_extractor,50,50,0,50,0,6.905944669338112,-3.9921621324218854,0.19499434110489222,12.209553941164629,50,50,0.20334387709481572,0
2026,3,15,20,dominant_path_length,annotation_mask_same_extractor,50,50,0,50,0,1161.4953170128615,-1099.219406539536,0.3517843002733329,39.83093939059574,50,50,0.0,0
2026,3,15,20,retained_segment_count,annotation_mask_same_extractor,50,50,0,50,0,57.8,51.92,0.681832544961623,73.59722363180767,50,50,-37.24000000000001,0
2026,3,15,20,junction_region_count,annotation_mask_same_extractor,50,50,0,50,0,130.56,127.4,0.3648323975015734,184.51291616451593,50,50,17.439999999999998,0
2026,3,15,20,mean_local_acute_angle_deg,annotation_mask_same_extractor,50,50,0,50,0,7.65489649596609,-4.482456567370518,0.19088437230539426,13.461622713177949,50,50,0.9522957037227942,0
2026,3,20,5,dominant_path_length,annotation_mask_same_extractor,50,50,0,50,0,1161.4953170128615,-1099.219406539536,0.3517843002733329,39.83093939059574,50,50,0.0,0
2026,3,20,5,retained_segment_count,annotation_mask_same_extractor,50,50,0,50,0,129.72,126.16,0.4932279501468453,128.34907551686814,50,50,34.67999999999999,0
2026,3,20,5,junction_region_count,annotation_mask_same_extractor,50,50,0,50,0,128.54,125.1,0.3687812419223629,182.21169346151683,50,50,15.419999999999987,0
2026,3,20,5,mean_local_acute_angle_deg,annotation_mask_same_extractor,50,50,0,50,0,6.43369071981838,-2.9858826562938456,0.22209386628077243,11.658772916704754,50,50,-0.2689100724249158,0
2026,3,20,10,dominant_path_length,annotation_mask_same_extractor,50,50,0,50,0,1161.4953170128615,-1099.219406539536,0.3517843002733329,39.83093939059574,50,50,0.0,0
2026,3,20,10,retained_segment_count,annotation_mask_same_extractor,50,50,0,50,0,99.04,95.0,0.5647034179682355,106.9052129976954,50,50,4.0,0
2026,3,20,10,junction_region_count,annotation_mask_same_extractor,50,50,0,50,0,128.54,125.1,0.3687812419223629,182.21169346151683,50,50,15.419999999999987,0
2026,3,20,10,mean_local_acute_angle_deg,annotation_mask_same_extractor,50,50,0,50,0,6.820155896665998,-3.674637307490495,0.20212162518529203,12.068737114791164,50,50,0.1175551044227019,0
2026,3,20,20,dominant_path_length,annotation_mask_same_extractor,50,50,0,50,0,1161.4953170128615,-1099.219406539536,0.3517843002733329,39.83093939059574,50,50,0.0,0
2026,3,20,20,retained_segment_count,annotation_mask_same_extractor,50,50,0,50,0,52.86,46.02,0.7030426947394198,69.21032177108145,50,50,-42.18000000000001,0
2026,3,20,20,junction_region_count,annotation_mask_same_extractor,50,50,0,50,0,128.54,125.1,0.3687812419223629,182.21169346151683,50,50,15.419999999999987,0
2026,3,20,20,mean_local_acute_angle_deg,annotation_mask_same_extractor,50,50,0,50,0,7.424609519918086,-3.8866156309621998,0.19146272300925202,13.129507925415085,50,50,0.7220087276747895,0
2026,5,5,5,dominant_path_length,annotation_mask_same_extractor,50,50,0,50,0,1161.4953170128615,-1099.219406539536,0.3517843002733329,39.83093939059574,50,50,0.0,0
2026,5,5,5,retained_segment_count,annotation_mask_same_extractor,50,50,0,50,0,194.66,194.66,0.38356191870742434,171.95512591155074,50,50,99.61999999999999,0
2026,5,5,5,junction_region_count,annotation_mask_same_extractor,50,50,0,50,0,122.54,121.98,0.37265551629911786,160.32919953949693,50,50,9.420000000000002,0
2026,5,5,5,mean_local_acute_angle_deg,annotation_mask_same_extractor,50,50,0,50,0,5.8932284706079505,-3.162826480393876,0.22081244655404392,10.480704233260166,50,50,-0.8093723216353457,0
2026,5,5,10,dominant_path_length,annotation_mask_same_extractor,50,50,0,50,0,1161.4953170128615,-1099.219406539536,0.3517843002733329,39.83093939059574,50,50,0.0,0
2026,5,5,10,retained_segment_count,annotation_mask_same_extractor,50,50,0,50,0,137.64,137.64,0.48529334668398805,132.55088979031157,50,50,42.59999999999998,0
2026,5,5,10,junction_region_count,annotation_mask_same_extractor,50,50,0,50,0,122.54,121.98,0.37265551629911786,160.32919953949693,50,50,9.420000000000002,0
2026,5,5,10,mean_local_acute_angle_deg,annotation_mask_same_extractor,50,50,0,50,0,6.389457835444174,-3.753174261656813,0.21937586987225463,11.218887445002627,50,50,-0.31314295679912263,0
2026,5,5,20,dominant_path_length,annotation_mask_same_extractor,50,50,0,50,0,1161.4953170128615,-1099.219406539536,0.3517843002733329,39.83093939059574,50,50,0.0,0
2026,5,5,20,retained_segment_count,annotation_mask_same_extractor,50,50,0,50,0,67.84,67.04,0.6544185525776817,79.30678017788009,50,50,-27.200000000000003,0
2026,5,5,20,junction_region_count,annotation_mask_same_extractor,50,50,0,50,0,122.54,121.98,0.37265551629911786,160.32919953949693,50,50,9.420000000000002,0
2026,5,5,20,mean_local_acute_angle_deg,annotation_mask_same_extractor,50,50,0,50,0,6.997598814426347,-3.699175744427673,0.23845165492781656,12.329799429467663,50,50,0.2949980221830506,0
2026,5,10,5,dominant_path_length,annotation_mask_same_extractor,50,50,0,50,0,1161.4953170128615,-1099.219406539536,0.3517843002733329,39.83093939059574,50,50,0.0,0
2026,5,10,5,retained_segment_count,annotation_mask_same_extractor,50,50,0,50,0,150.38,150.38,0.47119796722000085,138.8391448515185,50,50,55.33999999999999,0
2026,5,10,5,junction_region_count,annotation_mask_same_extractor,50,50,0,50,0,116.7,116.02,0.3889690626621138,154.57729943210674,50,50,3.5799999999999983,0
2026,5,10,5,mean_local_acute_angle_deg,annotation_mask_same_extractor,50,50,0,50,0,5.957803472130226,-3.012841147244998,0.2529734500415501,10.620837391395773,50,50,-0.7447973201130704,0
2026,5,10,10,dominant_path_length,annotation_mask_same_extractor,50,50,0,50,0,1161.4953170128615,-1099.219406539536,0.3517843002733329,39.83093939059574,50,50,0.0,0
2026,5,10,10,retained_segment_count,annotation_mask_same_extractor,50,50,0,50,0,110.64,110.32,0.5525007785926801,110.61238075669822,50,50,15.599999999999994,0
2026,5,10,10,junction_region_count,annotation_mask_same_extractor,50,50,0,50,0,116.7,116.02,0.3889690626621138,154.57729943210674,50,50,3.5799999999999983,0
2026,5,10,10,mean_local_acute_angle_deg,annotation_mask_same_extractor,50,50,0,50,0,6.65507595933203,-3.575590354087775,0.24415050520103942,11.789934450090069,50,50,-0.0475248329112663,0
2026,5,10,20,dominant_path_length,annotation_mask_same_extractor,50,50,0,50,0,1161.4953170128615,-1099.219406539536,0.3517843002733329,39.83093939059574,50,50,0.0,0
2026,5,10,20,retained_segment_count,annotation_mask_same_extractor,50,50,0,50,0,58.4,55.4,0.6961098483016,70.0251889318065,50,50,-36.64000000000001,0
2026,5,10,20,junction_region_count,annotation_mask_same_extractor,50,50,0,50,0,116.7,116.02,0.3889690626621138,154.57729943210674,50,50,3.5799999999999983,0
2026,5,10,20,mean_local_acute_angle_deg,annotation_mask_same_extractor,50,50,0,50,0,6.8743448796475946,-4.030681435572415,0.29141279685948185,12.027778994116314,50,50,0.17174408740429836,0
2026,5,15,5,dominant_path_length,annotation_mask_same_extractor,50,50,0,50,0,1161.4953170128615,-1099.219406539536,0.3517843002733329,39.83093939059574,50,50,0.0,0
2026,5,15,5,retained_segment_count,annotation_mask_same_extractor,50,50,0,50,0,126.76,125.36,0.5210780592877713,121.7673781579212,50,50,31.72,0
2026,5,15,5,junction_region_count,annotation_mask_same_extractor,50,50,0,50,0,113.12,112.2,0.39765139205700956,151.1191429455595,50,50,0.0,0
2026,5,15,5,mean_local_acute_angle_deg,annotation_mask_same_extractor,50,50,0,50,0,6.348339489143824,-3.0467333927709435,0.25445563044704067,11.41656602203531,50,50,-0.3542613030994719,0
2026,5,15,10,dominant_path_length,annotation_mask_same_extractor,50,50,0,50,0,1161.4953170128615,-1099.219406539536,0.3517843002733329,39.83093939059574,50,50,0.0,0
2026,5,15,10,retained_segment_count,annotation_mask_same_extractor,50,50,0,50,0,95.04,93.2,0.5968128336230414,97.93221928692824,50,50,0.0,0
2026,5,15,10,junction_region_count,annotation_mask_same_extractor,50,50,0,50,0,113.12,112.2,0.39765139205700956,151.1191429455595,50,50,0.0,0
2026,5,15,10,mean_local_acute_angle_deg,annotation_mask_same_extractor,50,50,0,50,0,6.702600792243296,-3.618191590892203,0.24508762816614235,11.895897169857928,50,50,0.0,0
2026,5,15,20,dominant_path_length,annotation_mask_same_extractor,50,50,0,50,0,1161.4953170128615,-1099.219406539536,0.3517843002733329,39.83093939059574,50,50,0.0,0
2026,5,15,20,retained_segment_count,annotation_mask_same_extractor,50,50,0,50,0,52.52,47.08,0.7246744686428229,64.10247634218493,50,50,-42.52,0
2026,5,15,20,junction_region_count,annotation_mask_same_extractor,50,50,0,50,0,113.12,112.2,0.39765139205700956,151.1191429455595,50,50,0.0,0
2026,5,15,20,mean_local_acute_angle_deg,annotation_mask_same_extractor,50,50,0,50,0,7.422108634617876,-4.048632697647159,0.25968856253168104,13.158927531507869,50,50,0.71950784237458,0
2026,5,20,5,dominant_path_length,annotation_mask_same_extractor,50,50,0,50,0,1161.4953170128615,-1099.219406539536,0.3517843002733329,39.83093939059574,50,50,0.0,0
2026,5,20,5,retained_segment_count,annotation_mask_same_extractor,50,50,0,50,0,111.74,109.02,0.5574987491535273,110.00780907243355,50,50,16.69999999999999,0
2026,5,20,5,junction_region_count,annotation_mask_same_extractor,50,50,0,50,0,111.02,110.02,0.4029986868749303,149.31509961714102,50,50,-2.1000000000000085,0
2026,5,20,5,mean_local_acute_angle_deg,annotation_mask_same_extractor,50,50,0,50,0,6.168463093060261,-3.302039643417654,0.2910946730955847,10.904914506422628,50,50,-0.5341376991830353,0
2026,5,20,10,dominant_path_length,annotation_mask_same_extractor,50,50,0,50,0,1161.4953170128615,-1099.219406539536,0.3517843002733329,39.83093939059574,50,50,0.0,0
2026,5,20,10,retained_segment_count,annotation_mask_same_extractor,50,50,0,50,0,85.92,82.2,0.6225640409358802,90.84007690176986,50,50,-9.120000000000005,0
2026,5,20,10,junction_region_count,annotation_mask_same_extractor,50,50,0,50,0,111.02,110.02,0.4029986868749303,149.31509961714102,50,50,-2.1000000000000085,0
2026,5,20,10,mean_local_acute_angle_deg,annotation_mask_same_extractor,50,50,0,50,0,6.670747492565863,-4.026709301212728,0.2700041649636965,11.571041403343846,50,50,-0.031853299677433,0
2026,5,20,20,dominant_path_length,annotation_mask_same_extractor,50,50,0,50,0,1161.4953170128615,-1099.219406539536,0.3517843002733329,39.83093939059574,50,50,0.0,0
2026,5,20,20,retained_segment_count,annotation_mask_same_extractor,50,50,0,50,0,48.32,41.52,0.742406963712407,60.13773006612906,50,50,-46.720000000000006,0
2026,5,20,20,junction_region_count,annotation_mask_same_extractor,50,50,0,50,0,111.02,110.02,0.4029986868749303,149.31509961714102,50,50,-2.1000000000000085,0
2026,5,20,20,mean_local_acute_angle_deg,annotation_mask_same_extractor,50,50,0,50,0,7.515982736694536,-4.345317919750338,0.2545746172110838,13.016805556293832,50,50,0.8133819444512396,0
2026,7,5,5,dominant_path_length,annotation_mask_same_extractor,50,50,0,50,0,1161.4953170128615,-1099.219406539536,0.3517843002733329,39.83093939059574,50,50,0.0,0
2026,7,5,5,retained_segment_count,annotation_mask_same_extractor,50,50,0,50,0,180.9,180.9,0.3966918557417764,152.4216202011168,50,50,85.86,0
2026,7,5,5,junction_region_count,annotation_mask_same_extractor,50,50,0,50,0,115.68,115.16,0.3636008613227554,138.4946687070064,50,50,2.5600000000000023,0
2026,7,5,5,mean_local_acute_angle_deg,annotation_mask_same_extractor,50,50,0,50,0,5.90273148236397,-3.3567322545965292,0.22871619331798704,10.320349964431214,50,50,-0.7998693098793259,0
2026,7,5,10,dominant_path_length,annotation_mask_same_extractor,50,50,0,50,0,1161.4953170128615,-1099.219406539536,0.3517843002733329,39.83093939059574,50,50,0.0,0
2026,7,5,10,retained_segment_count,annotation_mask_same_extractor,50,50,0,50,0,128.78,128.78,0.5095502154150959,120.19619539997804,50,50,33.739999999999995,0
2026,7,5,10,junction_region_count,annotation_mask_same_extractor,50,50,0,50,0,115.68,115.16,0.3636008613227554,138.4946687070064,50,50,2.5600000000000023,0
2026,7,5,10,mean_local_acute_angle_deg,annotation_mask_same_extractor,50,50,0,50,0,6.324062003266853,-3.9911695841823716,0.2443802849953632,10.932728567626697,50,50,-0.3785387889764431,0
2026,7,5,20,dominant_path_length,annotation_mask_same_extractor,50,50,0,50,0,1161.4953170128615,-1099.219406539536,0.3517843002733329,39.83093939059574,50,50,0.0,0
2026,7,5,20,retained_segment_count,annotation_mask_same_extractor,50,50,0,50,0,64.92,63.44,0.664266908767175,74.92346307708102,50,50,-30.120000000000005,0
2026,7,5,20,junction_region_count,annotation_mask_same_extractor,50,50,0,50,0,115.68,115.16,0.3636008613227554,138.4946687070064,50,50,2.5600000000000023,0
2026,7,5,20,mean_local_acute_angle_deg,annotation_mask_same_extractor,50,50,0,50,0,6.7408028659587345,-4.143510075503292,0.30999957066672146,11.648789325494663,50,50,0.03820207371543827,0
2026,7,10,5,dominant_path_length,annotation_mask_same_extractor,50,50,0,50,0,1161.4953170128615,-1099.219406539536,0.3517843002733329,39.83093939059574,50,50,0.0,0
2026,7,10,5,retained_segment_count,annotation_mask_same_extractor,50,50,0,50,0,141.34,141.34,0.4815885317148664,123.78460937129361,50,50,46.3,0
2026,7,10,5,junction_region_count,annotation_mask_same_extractor,50,50,0,50,0,109.88,109.32,0.3830638585088621,133.0441498872498,50,50,-3.240000000000009,0
2026,7,10,5,mean_local_acute_angle_deg,annotation_mask_same_extractor,50,50,0,50,0,5.66008534204634,-3.3050564310025576,0.2812924102125825,9.810886877066533,50,50,-1.042515450196956,0
2026,7,10,10,dominant_path_length,annotation_mask_same_extractor,50,50,0,50,0,1161.4953170128615,-1099.219406539536,0.3517843002733329,39.83093939059574,50,50,0.0,0
2026,7,10,10,retained_segment_count,annotation_mask_same_extractor,50,50,0,50,0,103.1,102.42,0.5816179070119313,99.901801205843,50,50,8.059999999999988,0
2026,7,10,10,junction_region_count,annotation_mask_same_extractor,50,50,0,50,0,109.88,109.32,0.3830638585088621,133.0441498872498,50,50,-3.240000000000009,0
2026,7,10,10,mean_local_acute_angle_deg,annotation_mask_same_extractor,50,50,0,50,0,6.154940287678793,-3.78908878380868,0.29187057804003813,10.654372058057689,50,50,-0.5476605045645035,0
2026,7,10,20,dominant_path_length,annotation_mask_same_extractor,50,50,0,50,0,1161.4953170128615,-1099.219406539536,0.3517843002733329,39.83093939059574,50,50,0.0,0
2026,7,10,20,retained_segment_count,annotation_mask_same_extractor,50,50,0,50,0,55.98,52.14,0.7038115426742475,65.61721193788229,50,50,-39.06000000000001,0
2026,7,10,20,junction_region_count,annotation_mask_same_extractor,50,50,0,50,0,109.88,109.32,0.3830638585088621,133.0441498872498,50,50,-3.240000000000009,0
2026,7,10,20,mean_local_acute_angle_deg,annotation_mask_same_extractor,50,50,0,50,0,6.602837685898278,-4.349948913338712,0.3495803713991119,11.410938000942666,50,50,-0.09976310634501839,0
2026,7,15,5,dominant_path_length,annotation_mask_same_extractor,50,50,0,50,0,1161.4953170128615,-1099.219406539536,0.3517843002733329,39.83093939059574,50,50,0.0,0
2026,7,15,5,retained_segment_count,annotation_mask_same_extractor,50,50,0,50,0,116.9,116.78,0.5373952094897336,106.51947355073852,50,50,21.86,0
2026,7,15,5,junction_region_count,annotation_mask_same_extractor,50,50,0,50,0,106.12,105.44,0.39266287304418557,129.44438457918284,50,50,-7.0,0
2026,7,15,5,mean_local_acute_angle_deg,annotation_mask_same_extractor,50,50,0,50,0,5.719281109241104,-3.39093929930082,0.3094597296823442,9.974436623135569,50,50,-0.9833196830021924,0
2026,7,15,10,dominant_path_length,annotation_mask_same_extractor,50,50,0,50,0,1161.4953170128615,-1099.219406539536,0.3517843002733329,39.83093939059574,50,50,0.0,0
2026,7,15,10,retained_segment_count,annotation_mask_same_extractor,50,50,0,50,0,87.84,86.28,0.6240300424255908,87.84829727730755,50,50,-7.200000000000003,0
2026,7,15,10,junction_region_count,annotation_mask_same_extractor,50,50,0,50,0,106.12,105.44,0.39266287304418557,129.44438457918284,50,50,-7.0,0
2026,7,15,10,mean_local_acute_angle_deg,annotation_mask_same_extractor,50,50,0,50,0,6.2244754310261605,-3.8503727557309184,0.29516056870641244,10.812732312858511,50,50,-0.47812536121713567,0
2026,7,15,20,dominant_path_length,annotation_mask_same_extractor,50,50,0,50,0,1161.4953170128615,-1099.219406539536,0.3517843002733329,39.83093939059574,50,50,0.0,0
2026,7,15,20,retained_segment_count,annotation_mask_same_extractor,50,50,0,50,0,49.84,44.28,0.7322197047304743,59.452018709134926,50,50,-45.2,0
2026,7,15,20,junction_region_count,annotation_mask_same_extractor,50,50,0,50,0,106.12,105.44,0.39266287304418557,129.44438457918284,50,50,-7.0,0
2026,7,15,20,mean_local_acute_angle_deg,annotation_mask_same_extractor,50,50,0,50,0,7.027855454444707,-4.311384785896181,0.3166100311044054,12.25616193388566,50,50,0.3252546622014112,0
2026,7,20,5,dominant_path_length,annotation_mask_same_extractor,50,50,0,50,0,1161.4953170128615,-1099.219406539536,0.3517843002733329,39.83093939059574,50,50,0.0,0
2026,7,20,5,retained_segment_count,annotation_mask_same_extractor,50,50,0,50,0,102.36,101.32,0.5718056428335964,95.72176104352043,50,50,7.319999999999993,0
2026,7,20,5,junction_region_count,annotation_mask_same_extractor,50,50,0,50,0,103.92,103.12,0.39698289175694296,127.5933759715976,50,50,-9.200000000000003,0
2026,7,20,5,mean_local_acute_angle_deg,annotation_mask_same_extractor,50,50,0,50,0,5.6930219056245335,-3.353280864045593,0.3232257226033569,9.874945151013334,50,50,-1.0095788866187627,0
2026,7,20,10,dominant_path_length,annotation_mask_same_extractor,50,50,0,50,0,1161.4953170128615,-1099.219406539536,0.3517843002733329,39.83093939059574,50,50,0.0,0
2026,7,20,10,retained_segment_count,annotation_mask_same_extractor,50,50,0,50,0,78.68,75.4,0.6512249855395201,80.02877411951614,50,50,-16.36,0
2026,7,20,10,junction_region_count,annotation_mask_same_extractor,50,50,0,50,0,103.92,103.12,0.39698289175694296,127.5933759715976,50,50,-9.200000000000003,0
2026,7,20,10,mean_local_acute_angle_deg,annotation_mask_same_extractor,50,50,0,50,0,6.3318368342101845,-3.9418570280147582,0.2949966345610312,10.848989413594065,50,50,-0.3707639580331117,0
2026,7,20,20,dominant_path_length,annotation_mask_same_extractor,50,50,0,50,0,1161.4953170128615,-1099.219406539536,0.3517843002733329,39.83093939059574,50,50,0.0,0
2026,7,20,20,retained_segment_count,annotation_mask_same_extractor,50,50,0,50,0,45.12,38.2,0.7537919712685482,54.77328626860376,50,50,-49.92000000000001,0
2026,7,20,20,junction_region_count,annotation_mask_same_extractor,50,50,0,50,0,103.92,103.12,0.39698289175694296,127.5933759715976,50,50,-9.200000000000003,0
2026,7,20,20,mean_local_acute_angle_deg,annotation_mask_same_extractor,50,50,0,50,0,7.038956247890383,-4.525835733808668,0.29707182180396485,12.025419525688477,50,50,0.33635545564708647,0
