trait,unit,seed,n_images,mae,bias,ccc
dominant_path_length,px,42,50,1271.947635844137,-1196.4107325750763,0.26644563530456467
dominant_path_length,px,2026,50,1161.4953170128615,-1099.219406539536,0.3517843002733329
dominant_path_length,px,3407,50,1198.1276459964279,-1115.9746619172201,0.3443398965389767
retained_segment_count,count,42,50,95.22,94.3,0.5771929211715385
retained_segment_count,count,2026,50,95.04,93.2,0.5968128336230414
retained_segment_count,count,3407,50,102.02,98.9,0.5512506818966366
junction_region_count,count,42,50,105.82,104.62,0.4653571044990187
junction_region_count,count,2026,50,113.12,112.2,0.39765139205700956
junction_region_count,count,3407,50,116.18,112.74,0.4274335057712779
mean_local_acute_angle_deg,deg,42,50,7.316466069311364,-4.109348226757322,0.17292423426727407
mean_local_acute_angle_deg,deg,2026,50,6.702600792243297,-3.618191590892203,0.24508762816614235
mean_local_acute_angle_deg,deg,3407,50,6.513809971255298,-4.227881514915935,0.36527770352825534
