closing_kernel,pruning_iterations,min_component_pixels,trait,reference_type,n_distinct_images,n_training_seeds,default_parameter_setting,n_valid_pairs_min_seed,n_valid_pairs_max_seed,mae_seed_mean,mae_seed_sd,bias_estimate_minus_reference_seed_mean,bias_estimate_minus_reference_seed_sd,ccc_seed_mean,ccc_seed_sd,mape_percent_nonzero_reference_seed_mean,mape_percent_nonzero_reference_seed_sd,reference_valid_angle_n_seed_mean,reference_valid_angle_n_seed_sd,prediction_valid_angle_n_seed_mean,prediction_valid_angle_n_seed_sd,delta_mae_from_5_15_10_seed_mean,delta_mae_from_5_15_10_seed_sd
3,5,5,dominant_path_length,annotation_mask_same_extractor,50,3,False,50,50,1210.5235329511422,56.25986308059216,-1137.2016003439442,51.9564784253668,0.3208566107056247,0.0472680702992103,41.24731338566942,1.6700354306531908,50.0,0.0,50.0,0.0,0.0,0.0
3,5,5,retained_segment_count,annotation_mask_same_extractor,50,3,False,50,50,217.20666666666668,4.873287733484796,216.83333333333331,4.939487152866518,0.3452619138384305,0.014511923920255,193.03979103916697,3.764473900125028,50.0,0.0,50.0,0.0,119.78,6.334698098567923
3,5,5,junction_region_count,annotation_mask_same_extractor,50,3,False,50,50,139.35333333333332,1.4571661996263017,137.8733333333333,2.152239144085361,0.3633718821228952,0.0125979944040924,190.70871305813824,2.4639257773677947,50.0,0.0,50.0,0.0,27.646666666666665,6.675217849129234
3,5,5,mean_local_acute_angle_deg,annotation_mask_same_extractor,50,3,False,50,50,6.030483322928126,0.1771424412801914,-3.575903625926028,0.3342727873853349,0.2383761141453159,0.0491859738955258,10.723030729459175,0.3307412015184239,50.0,0.0,50.0,0.0,-0.8138089546751933,0.3690562909480576
3,5,10,dominant_path_length,annotation_mask_same_extractor,50,3,False,50,50,1210.5235329511422,56.25986308059216,-1137.2016003439442,51.9564784253668,0.3208566107056247,0.0472680702992103,41.24731338566942,1.6700354306531908,50.0,0.0,50.0,0.0,0.0,0.0
3,5,10,retained_segment_count,annotation_mask_same_extractor,50,3,False,50,50,155.67333333333335,3.8191272999644026,155.35333333333332,3.726678592706029,0.4284755603019932,0.0171790527874421,154.46208910639254,4.471181023212553,50.0,0.0,50.0,0.0,58.24666666666667,4.747476522673221
3,5,10,junction_region_count,annotation_mask_same_extractor,50,3,False,50,50,139.35333333333332,1.4571661996263017,137.8733333333333,2.152239144085361,0.3633718821228952,0.0125979944040924,190.70871305813824,2.4639257773677947,50.0,0.0,50.0,0.0,27.646666666666665,6.675217849129234
3,5,10,mean_local_acute_angle_deg,annotation_mask_same_extractor,50,3,False,50,50,6.64833662074379,0.3177910400125248,-4.344187287196458,0.4548337998137856,0.2018178376010272,0.0439206022730578,11.692170123711056,0.5851695797976019,50.0,0.0,50.0,0.0,-0.1959556568595294,0.5415677566577154
3,5,20,dominant_path_length,annotation_mask_same_extractor,50,3,False,50,50,1210.5235329511422,56.25986308059216,-1137.2016003439442,51.9564784253668,0.3208566107056247,0.0472680702992103,41.24731338566942,1.6700354306531908,50.0,0.0,50.0,0.0,0.0,0.0
3,5,20,retained_segment_count,annotation_mask_same_extractor,50,3,False,50,50,75.98,1.8199999999999992,74.98,1.7541949720598384,0.6065727189883575,0.0086884162624784,92.66400035230072,2.5874580021507243,50.0,0.0,50.0,0.0,-21.44666666666667,2.8121403473748114
3,5,20,junction_region_count,annotation_mask_same_extractor,50,3,False,50,50,139.35333333333332,1.4571661996263017,137.8733333333333,2.152239144085361,0.3633718821228952,0.0125979944040924,190.70871305813824,2.4639257773677947,50.0,0.0,50.0,0.0,27.646666666666665,6.675217849129234
3,5,20,mean_local_acute_angle_deg,annotation_mask_same_extractor,50,3,False,50,50,7.130152038557104,0.2201474993691223,-4.301537817724654,0.401293272809809,0.2162485781615434,0.0578911198359193,12.470586809095794,0.3867110600989747,50.0,0.0,50.0,0.0,0.2858597609537847,0.3104306623107898
3,10,5,dominant_path_length,annotation_mask_same_extractor,50,3,False,50,50,1210.5235329511422,56.25986308059216,-1137.2016003439442,51.9564784253668,0.3208566107056247,0.0472680702992103,41.24731338566942,1.6700354306531908,50.0,0.0,50.0,0.0,0.0,0.0
3,10,5,retained_segment_count,annotation_mask_same_extractor,50,3,False,50,50,173.59333333333333,4.730088089384108,172.88666666666666,4.514524707356621,0.4116372480509505,0.0135460772022205,160.85118432872662,3.419404977066387,50.0,0.0,50.0,0.0,76.16666666666667,5.103776379636294
3,10,5,junction_region_count,annotation_mask_same_extractor,50,3,False,50,50,134.3066666666667,1.1229128787814804,132.58666666666667,1.8704366691586565,0.3739015578106756,0.0131367358819432,185.82148832431255,2.211489231240377,50.0,0.0,50.0,0.0,22.600000000000005,6.38488840936159
3,10,5,mean_local_acute_angle_deg,annotation_mask_same_extractor,50,3,False,50,50,6.29329749936026,0.1262616640135012,-3.4811764181640448,0.3771092577980365,0.25506521476772,0.0465020864377855,11.259661513915525,0.2096363307351623,50.0,0.0,50.0,0.0,-0.5509947782430599,0.3753945592503362
3,10,10,dominant_path_length,annotation_mask_same_extractor,50,3,False,50,50,1210.5235329511422,56.25986308059216,-1137.2016003439442,51.9564784253668,0.3208566107056247,0.0472680702992103,41.24731338566942,1.6700354306531908,50.0,0.0,50.0,0.0,0.0,0.0
3,10,10,retained_segment_count,annotation_mask_same_extractor,50,3,False,50,50,127.32666666666668,3.255416000042593,126.64666666666666,2.857154761879954,0.4880401195870581,0.0130459981840272,130.21920912920663,3.2762885554333696,50.0,0.0,50.0,0.0,29.90000000000001,4.329757498983048
3,10,10,junction_region_count,annotation_mask_same_extractor,50,3,False,50,50,134.3066666666667,1.1229128787814804,132.58666666666667,1.8704366691586565,0.3739015578106756,0.0131367358819432,185.82148832431255,2.211489231240377,50.0,0.0,50.0,0.0,22.600000000000005,6.38488840936159
3,10,10,mean_local_acute_angle_deg,annotation_mask_same_extractor,50,3,False,50,50,6.803119352843705,0.2928963832239166,-4.261534706470901,0.4448466586690443,0.2218837748117603,0.0509177992533747,11.999451506144704,0.5511097402731341,50.0,0.0,50.0,0.0,-0.0411729247596145,0.4730306538567226
3,10,20,dominant_path_length,annotation_mask_same_extractor,50,3,False,50,50,1210.5235329511422,56.25986308059216,-1137.2016003439442,51.9564784253668,0.3208566107056247,0.0472680702992103,41.24731338566942,1.6700354306531908,50.0,0.0,50.0,0.0,0.0,0.0
3,10,20,retained_segment_count,annotation_mask_same_extractor,50,3,False,50,50,64.08666666666666,0.9563123618009572,61.80666666666667,1.2671753364603238,0.6536571166751157,0.0065402953645524,79.94284196158839,1.1468804665503176,50.0,0.0,50.0,0.0,-33.34,3.113904301676595
3,10,20,junction_region_count,annotation_mask_same_extractor,50,3,False,50,50,134.3066666666667,1.1229128787814804,132.58666666666667,1.8704366691586565,0.3739015578106756,0.0131367358819432,185.82148832431255,2.211489231240377,50.0,0.0,50.0,0.0,22.600000000000005,6.38488840936159
3,10,20,mean_local_acute_angle_deg,annotation_mask_same_extractor,50,3,False,50,50,7.30196401151565,0.3733003712746054,-4.299887110289027,0.2576654482407294,0.2169835139557844,0.0764569301335123,12.80405975891396,0.6716626027814315,50.0,0.0,50.0,0.0,0.4576717339123313,0.2679531847849624
3,15,5,dominant_path_length,annotation_mask_same_extractor,50,3,False,50,50,1210.5235329511422,56.25986308059216,-1137.2016003439442,51.9564784253668,0.3208566107056247,0.0472680702992103,41.24731338566942,1.6700354306531908,50.0,0.0,50.0,0.0,0.0,0.0
3,15,5,retained_segment_count,annotation_mask_same_extractor,50,3,False,50,50,148.40666666666667,3.095954349361973,146.4466666666667,3.164448345815323,0.4540778650189949,0.0102159356123159,141.2535218032322,1.5424551825986534,50.0,0.0,50.0,0.0,50.98,3.7518528755802847
3,15,5,junction_region_count,annotation_mask_same_extractor,50,3,False,50,50,130.78666666666666,0.8821186617078962,128.79999999999998,1.6642115250171658,0.3815486285198048,0.014618631402096,181.8560841230244,2.739582634356868,50.0,0.0,50.0,0.0,19.079999999999995,6.204740123486242
3,15,5,mean_local_acute_angle_deg,annotation_mask_same_extractor,50,3,False,50,50,6.518485101998636,0.1816217633874152,-3.436934503395618,0.243662154280944,0.2333925967501595,0.0701941650717395,11.680206357501268,0.3593053803244098,50.0,0.0,50.0,0.0,-0.3258071756046823,0.2404081808995084
3,15,10,dominant_path_length,annotation_mask_same_extractor,50,3,False,50,50,1210.5235329511422,56.25986308059216,-1137.2016003439442,51.9564784253668,0.3208566107056247,0.0472680702992103,41.24731338566942,1.6700354306531908,50.0,0.0,50.0,0.0,0.0,0.0
3,15,10,retained_segment_count,annotation_mask_same_extractor,50,3,False,50,50,110.89333333333332,2.0569232687033656,108.86666666666667,2.482042169934538,0.5280336319775296,0.0111919171359633,116.92572647811268,1.5651060479441243,50.0,0.0,50.0,0.0,13.466666666666663,3.480019157035391
3,15,10,junction_region_count,annotation_mask_same_extractor,50,3,False,50,50,130.78666666666666,0.8821186617078962,128.79999999999998,1.6642115250171658,0.3815486285198048,0.014618631402096,181.8560841230244,2.739582634356868,50.0,0.0,50.0,0.0,19.079999999999995,6.204740123486242
3,15,10,mean_local_acute_angle_deg,annotation_mask_same_extractor,50,3,False,50,50,7.036821286924879,0.2386298195540872,-4.217390170550492,0.2553907741923318,0.1983654260969699,0.0673724134045401,12.417586623965803,0.4457587253585569,50.0,0.0,50.0,0.0,0.1925290093215593,0.1915626858408403
3,15,20,dominant_path_length,annotation_mask_same_extractor,50,3,False,50,50,1210.5235329511422,56.25986308059216,-1137.2016003439442,51.9564784253668,0.3208566107056247,0.0472680702992103,41.24731338566942,1.6700354306531908,50.0,0.0,50.0,0.0,0.0,0.0
3,15,20,retained_segment_count,annotation_mask_same_extractor,50,3,False,50,50,57.56,0.8847598544237859,53.626666666666665,1.484632389965048,0.6801672868179294,0.0039418148427772,74.16605948644957,0.6122444776145776,50.0,0.0,50.0,0.0,-39.86666666666667,3.409711620259594
3,15,20,junction_region_count,annotation_mask_same_extractor,50,3,False,50,50,130.78666666666666,0.8821186617078962,128.79999999999998,1.6642115250171658,0.3815486285198048,0.014618631402096,181.8560841230244,2.739582634356868,50.0,0.0,50.0,0.0,19.079999999999995,6.204740123486242
3,15,20,mean_local_acute_angle_deg,annotation_mask_same_extractor,50,3,False,50,50,7.72082407983827,0.1618600445902407,-4.364916619651567,0.1039385009440945,0.1962598701559595,0.0637460829440936,13.599657156470736,0.2751450393617712,50.0,0.0,50.0,0.0,0.8765318022349504,0.2583433771129704
3,20,5,dominant_path_length,annotation_mask_same_extractor,50,3,False,50,50,1210.5235329511422,56.25986308059216,-1137.2016003439442,51.9564784253668,0.3208566107056247,0.0472680702992103,41.24731338566942,1.6700354306531908,50.0,0.0,50.0,0.0,0.0,0.0
3,20,5,retained_segment_count,annotation_mask_same_extractor,50,3,False,50,50,132.74,2.616944783521426,129.46,3.0658767098498934,0.4833353382675686,0.0085794180035583,129.7772260212706,1.2377538099639322,50.0,0.0,50.0,0.0,35.31333333333333,3.532836443048752
3,20,5,junction_region_count,annotation_mask_same_extractor,50,3,False,50,50,128.46666666666667,0.9920349456210316,126.28000000000002,1.5991247606112526,0.3865774144731948,0.0155760736812512,179.08047840937442,3.0970171392172925,50.0,0.0,50.0,0.0,16.75999999999999,6.278184450938028
3,20,5,mean_local_acute_angle_deg,annotation_mask_same_extractor,50,3,False,50,50,6.731516511648997,0.315369158388994,-3.371467297955766,0.4053665565834646,0.2032254415141304,0.0788386543205091,12.14140194606337,0.5647703327700722,50.0,0.0,50.0,0.0,-0.1127757659543225,0.2581076462901095
3,20,10,dominant_path_length,annotation_mask_same_extractor,50,3,False,50,50,1210.5235329511422,56.25986308059216,-1137.2016003439442,51.9564784253668,0.3208566107056247,0.0472680702992103,41.24731338566942,1.6700354306531908,50.0,0.0,50.0,0.0,0.0,0.0
3,20,10,retained_segment_count,annotation_mask_same_extractor,50,3,False,50,50,100.34666666666668,1.1360164318060386,97.14666666666666,2.0923033559532778,0.5540262840812166,0.0094823355518312,107.8576620867542,0.8478220510689881,50.0,0.0,50.0,0.0,2.9200000000000017,3.622816583819825
3,20,10,junction_region_count,annotation_mask_same_extractor,50,3,False,50,50,128.46666666666667,0.9920349456210316,126.28000000000002,1.5991247606112526,0.3865774144731948,0.0155760736812512,179.08047840937442,3.0970171392172925,50.0,0.0,50.0,0.0,16.75999999999999,6.278184450938028
3,20,10,mean_local_acute_angle_deg,annotation_mask_same_extractor,50,3,False,50,50,7.194329784702785,0.326804384838613,-4.153553810770757,0.4766243091575252,0.181954818679511,0.0673572498962985,12.713512725179775,0.5689696385544639,50.0,0.0,50.0,0.0,0.3500375070994665,0.4115529026671962
3,20,20,dominant_path_length,annotation_mask_same_extractor,50,3,False,50,50,1210.5235329511422,56.25986308059216,-1137.2016003439442,51.9564784253668,0.3208566107056247,0.0472680702992103,41.24731338566942,1.6700354306531908,50.0,0.0,50.0,0.0,0.0,0.0
3,20,20,retained_segment_count,annotation_mask_same_extractor,50,3,False,50,50,52.04666666666666,1.4961728955349156,47.52666666666667,1.305424579718541,0.7021958942755641,0.0051489642221874,68.8789641573397,0.9916200764202264,50.0,0.0,50.0,0.0,-45.38,3.465025252433229
3,20,20,junction_region_count,annotation_mask_same_extractor,50,3,False,50,50,128.46666666666667,0.9920349456210316,126.28000000000002,1.5991247606112526,0.3865774144731948,0.0155760736812512,179.08047840937442,3.0970171392172925,50.0,0.0,50.0,0.0,16.75999999999999,6.278184450938028
3,20,20,mean_local_acute_angle_deg,annotation_mask_same_extractor,50,3,False,50,50,7.744323473144745,0.2795987047580078,-4.035671654478058,0.1727880292832095,0.1822060083720106,0.0495624757699044,13.725275847413489,0.5221156026437569,50.0,0.0,50.0,0.0,0.9000311955414256,0.4664372408294793
5,5,5,dominant_path_length,annotation_mask_same_extractor,50,3,False,50,50,1210.5235329511422,56.25986308059216,-1137.2016003439442,51.9564784253668,0.3208566107056247,0.0472680702992103,41.24731338566942,1.6700354306531908,50.0,0.0,50.0,0.0,0.0,0.0
5,5,5,retained_segment_count,annotation_mask_same_extractor,50,3,False,50,50,194.90666666666667,2.1406852485438663,194.45333333333332,1.4610042208472018,0.373657158045539,0.0094288262350707,171.9397867096378,1.0061311091719405,50.0,0.0,50.0,0.0,97.48,2.2466864489732385
5,5,5,junction_region_count,annotation_mask_same_extractor,50,3,False,50,50,120.27333333333333,5.297143884522428,118.80666666666669,4.754674892496154,0.407449755885292,0.0344983073334024,156.09152102459248,5.684181726911514,50.0,0.0,50.0,0.0,8.566666666666668,0.7834113436333029
5,5,5,mean_local_acute_angle_deg,annotation_mask_same_extractor,50,3,False,50,50,6.035926267738616,0.2961741075324511,-3.356395243687171,0.1927886318919302,0.2734741980903728,0.0984989052168903,10.758146887057686,0.5544218877280812,50.0,0.0,50.0,0.0,-0.8083660098647037,0.1321709214931253
5,5,10,dominant_path_length,annotation_mask_same_extractor,50,3,False,50,50,1210.5235329511422,56.25986308059216,-1137.2016003439442,51.9564784253668,0.3208566107056247,0.0472680702992103,41.24731338566942,1.6700354306531908,50.0,0.0,50.0,0.0,0.0,0.0
5,5,10,retained_segment_count,annotation_mask_same_extractor,50,3,False,50,50,140.31333333333333,3.200645768174513,139.95333333333335,2.6081666613415195,0.4643866690203784,0.0193668543966153,135.38478036167675,2.920665036757524,50.0,0.0,50.0,0.0,42.88666666666666,1.2156205548333407
5,5,10,junction_region_count,annotation_mask_same_extractor,50,3,False,50,50,120.27333333333333,5.297143884522428,118.80666666666669,4.754674892496154,0.407449755885292,0.0344983073334024,156.09152102459248,5.684181726911514,50.0,0.0,50.0,0.0,8.566666666666668,0.7834113436333029
5,5,10,mean_local_acute_angle_deg,annotation_mask_same_extractor,50,3,False,50,50,6.613743461241153,0.3360592296699491,-4.098958459334075,0.3204963311397926,0.2548243284379724,0.0888635730662407,11.62626039147166,0.6014319698898039,50.0,0.0,50.0,0.0,-0.2305488163621657,0.145834238211268
5,5,20,dominant_path_length,annotation_mask_same_extractor,50,3,False,50,50,1210.5235329511422,56.25986308059216,-1137.2016003439442,51.9564784253668,0.3208566107056247,0.0472680702992103,41.24731338566942,1.6700354306531908,50.0,0.0,50.0,0.0,0.0,0.0
5,5,20,retained_segment_count,annotation_mask_same_extractor,50,3,False,50,50,70.48,2.3361506800718117,69.64,2.256014184352567,0.6332041684300606,0.0185770001853618,83.96312012044736,4.033799254750001,50.0,0.0,50.0,0.0,-26.94666666666667,2.928230409877833
5,5,20,junction_region_count,annotation_mask_same_extractor,50,3,False,50,50,120.27333333333333,5.297143884522428,118.80666666666669,4.754674892496154,0.407449755885292,0.0344983073334024,156.09152102459248,5.684181726911514,50.0,0.0,50.0,0.0,8.566666666666668,0.7834113436333029
5,5,20,mean_local_acute_angle_deg,annotation_mask_same_extractor,50,3,False,50,50,7.07622825990335,0.2710581251655216,-4.147049863116066,0.3990125209231508,0.2830185000663373,0.0787274311958009,12.407834826681356,0.4175426276245065,50.0,0.0,50.0,0.0,0.2319359823000303,0.1493092552318936
5,10,5,dominant_path_length,annotation_mask_same_extractor,50,3,False,50,50,1210.5235329511422,56.25986308059216,-1137.2016003439442,51.9564784253668,0.3208566107056247,0.0472680702992103,41.24731338566942,1.6700354306531908,50.0,0.0,50.0,0.0,0.0,0.0
5,10,5,retained_segment_count,annotation_mask_same_extractor,50,3,False,50,50,152.8733333333333,5.117825058883248,151.84666666666666,3.3501243758006045,0.4524211291366011,0.0213142106628964,140.6787004356843,3.379605424410457,50.0,0.0,50.0,0.0,55.44666666666666,1.24343609941699
5,10,5,junction_region_count,annotation_mask_same_extractor,50,3,False,50,50,115.15333333333332,5.38911248104299,113.52666666666666,4.616160020334359,0.4213689181541986,0.0334864306515111,151.15638397398968,5.639364803303646,50.0,0.0,50.0,0.0,3.446666666666663,0.1222020185321546
5,10,5,mean_local_acute_angle_deg,annotation_mask_same_extractor,50,3,False,50,50,6.17113416308112,0.3033700438346738,-3.3086510764686774,0.2685542496917552,0.2940868017676865,0.0855610488615279,10.99513207485303,0.526495042759949,50.0,0.0,50.0,0.0,-0.6731581145222002,0.1722621968710078
5,10,10,dominant_path_length,annotation_mask_same_extractor,50,3,False,50,50,1210.5235329511422,56.25986308059216,-1137.2016003439442,51.9564784253668,0.3208566107056247,0.0472680702992103,41.24731338566942,1.6700354306531908,50.0,0.0,50.0,0.0,0.0,0.0
5,10,10,retained_segment_count,annotation_mask_same_extractor,50,3,False,50,50,113.24,3.6557352201711777,112.41333333333334,2.6698564256029487,0.5305635743643377,0.0213238272655478,113.75048099714746,3.391366680986075,50.0,0.0,50.0,0.0,15.813333333333333,0.5518453889753278
5,10,10,junction_region_count,annotation_mask_same_extractor,50,3,False,50,50,115.15333333333332,5.38911248104299,113.52666666666666,4.616160020334359,0.4213689181541986,0.0334864306515111,151.15638397398968,5.639364803303646,50.0,0.0,50.0,0.0,3.446666666666663,0.1222020185321546
5,10,10,mean_local_acute_angle_deg,annotation_mask_same_extractor,50,3,False,50,50,6.785028943985154,0.2412577037733362,-3.883188018781088,0.2808930553786524,0.2760421008874037,0.0772307162767134,12.004330350049996,0.3969497972309798,50.0,0.0,50.0,0.0,-0.0592633336181661,0.1882030720642883
5,10,20,dominant_path_length,annotation_mask_same_extractor,50,3,False,50,50,1210.5235329511422,56.25986308059216,-1137.2016003439442,51.9564784253668,0.3208566107056247,0.0472680702992103,41.24731338566942,1.6700354306531908,50.0,0.0,50.0,0.0,0.0,0.0
5,10,20,retained_segment_count,annotation_mask_same_extractor,50,3,False,50,50,59.20666666666667,0.9407089525104656,56.95333333333334,1.346155018314509,0.67973607167175,0.0145892308389085,72.65811518907468,2.3486453393147806,50.0,0.0,50.0,0.0,-38.22,3.0895307086999413
5,10,20,junction_region_count,annotation_mask_same_extractor,50,3,False,50,50,115.15333333333332,5.38911248104299,113.52666666666666,4.616160020334359,0.4213689181541986,0.0334864306515111,151.15638397398968,5.639364803303646,50.0,0.0,50.0,0.0,3.446666666666663,0.1222020185321546
5,10,20,mean_local_acute_angle_deg,annotation_mask_same_extractor,50,3,False,50,50,7.05177670146218,0.3036227105299132,-4.239670853305701,0.1872860798944574,0.3037935630762163,0.0662501036131748,12.325668225602612,0.4634426831417467,50.0,0.0,50.0,0.0,0.2074844238588609,0.142852864947938
5,15,5,dominant_path_length,annotation_mask_same_extractor,50,3,False,50,50,1210.5235329511422,56.25986308059216,-1137.2016003439442,51.9564784253668,0.3208566107056247,0.0472680702992103,41.24731338566942,1.6700354306531908,50.0,0.0,50.0,0.0,0.0,0.0
5,15,5,retained_segment_count,annotation_mask_same_extractor,50,3,False,50,50,128.64666666666668,5.250688843697884,126.68666666666668,3.428255144141604,0.5032282506101197,0.0235043710124996,123.1692238282116,3.8159796254495775,50.0,0.0,50.0,0.0,31.22,1.6479077644091704
5,15,5,junction_region_count,annotation_mask_same_extractor,50,3,False,50,50,111.70666666666666,5.322643453523203,109.85333333333334,4.540234942525916,0.430147334109102,0.0339343413447998,147.826200070238,5.67222259555182,50.0,0.0,50.0,0.0,0.0,0.0
5,15,5,mean_local_acute_angle_deg,annotation_mask_same_extractor,50,3,False,50,50,6.4364303147745785,0.3297667324009529,-3.356742698762249,0.2936796394012735,0.2903694882721873,0.0963574651935987,11.5023762764007,0.5695854934882173,50.0,0.0,50.0,0.0,-0.4078619628287416,0.0929309466738915
5,15,10,dominant_path_length,annotation_mask_same_extractor,50,3,True,50,50,1210.5235329511422,56.25986308059216,-1137.2016003439442,51.9564784253668,0.3208566107056247,0.0472680702992103,41.24731338566942,1.6700354306531908,50.0,0.0,50.0,0.0,0.0,0.0
5,15,10,retained_segment_count,annotation_mask_same_extractor,50,3,True,50,50,97.42666666666668,3.9789613385069855,95.46666666666664,3.023794525647096,0.5750854788970722,0.0228540675195934,100.52797794098804,3.5490256183398885,50.0,0.0,50.0,0.0,0.0,0.0
5,15,10,junction_region_count,annotation_mask_same_extractor,50,3,True,50,50,111.70666666666666,5.322643453523203,109.85333333333334,4.540234942525916,0.430147334109102,0.0339343413447998,147.826200070238,5.67222259555182,50.0,0.0,50.0,0.0,0.0,0.0
5,15,10,mean_local_acute_angle_deg,annotation_mask_same_extractor,50,3,True,50,50,6.844292277603319,0.4196683937399796,-3.985140444188487,0.323266346534891,0.2610965219872239,0.0971708690668907,12.069554170794095,0.7311774707037435,50.0,0.0,50.0,0.0,0.0,0.0
5,15,20,dominant_path_length,annotation_mask_same_extractor,50,3,False,50,50,1210.5235329511422,56.25986308059216,-1137.2016003439442,51.9564784253668,0.3208566107056247,0.0472680702992103,41.24731338566942,1.6700354306531908,50.0,0.0,50.0,0.0,0.0,0.0
5,15,20,retained_segment_count,annotation_mask_same_extractor,50,3,False,50,50,52.44,1.082219940677493,48.54666666666666,1.3098600434143095,0.7109838741048046,0.0122030119295162,66.04685971900896,2.0420085239422936,50.0,0.0,50.0,0.0,-44.98666666666667,3.1536856744661987
5,15,20,junction_region_count,annotation_mask_same_extractor,50,3,False,50,50,111.70666666666666,5.322643453523203,109.85333333333334,4.540234942525916,0.430147334109102,0.0339343413447998,147.826200070238,5.67222259555182,50.0,0.0,50.0,0.0,0.0,0.0
5,15,20,mean_local_acute_angle_deg,annotation_mask_same_extractor,50,3,False,50,50,7.391430374164547,0.3211725222022693,-4.322440261553186,0.2387623606696455,0.2848727582681495,0.0696809785040905,12.984776271996871,0.5514779665237277,50.0,0.0,50.0,0.0,0.5471380965612278,0.1699590651196549
5,20,5,dominant_path_length,annotation_mask_same_extractor,50,3,False,50,50,1210.5235329511422,56.25986308059216,-1137.2016003439442,51.9564784253668,0.3208566107056247,0.0472680702992103,41.24731338566942,1.6700354306531908,50.0,0.0,50.0,0.0,0.0,0.0
5,20,5,retained_segment_count,annotation_mask_same_extractor,50,3,False,50,50,113.62,5.144433885278337,110.52666666666666,3.641776123450394,0.5385004243042858,0.0252381838954343,111.58919216519848,4.144132701323699,50.0,0.0,50.0,0.0,16.19333333333333,1.5436752680966668
5,20,5,junction_region_count,annotation_mask_same_extractor,50,3,False,50,50,109.25333333333332,5.545244208628985,107.34666666666664,4.80459502282277,0.4365867859622042,0.0351703448493073,145.67899012455754,6.178523681323068,50.0,0.0,50.0,0.0,-2.453333333333333,0.3407834111768443
5,20,5,mean_local_acute_angle_deg,annotation_mask_same_extractor,50,3,False,50,50,6.393818226814116,0.3331906509367132,-3.6146092024863736,0.2732292325529805,0.2969993449689551,0.080808274168312,11.242107090507972,0.5255564019090367,50.0,0.0,50.0,0.0,-0.450474050789204,0.1499449311179574
5,20,10,dominant_path_length,annotation_mask_same_extractor,50,3,False,50,50,1210.5235329511422,56.25986308059216,-1137.2016003439442,51.9564784253668,0.3208566107056247,0.0472680702992103,41.24731338566942,1.6700354306531908,50.0,0.0,50.0,0.0,0.0,0.0
5,20,10,retained_segment_count,annotation_mask_same_extractor,50,3,False,50,50,87.26,3.526414609770104,84.00666666666666,2.790005973709256,0.6033048363678931,0.022551047443836,92.3000144232938,3.1924721460863066,50.0,0.0,50.0,0.0,-10.166666666666666,0.9091387866180418
5,20,10,junction_region_count,annotation_mask_same_extractor,50,3,False,50,50,109.25333333333332,5.545244208628985,107.34666666666664,4.80459502282277,0.4365867859622042,0.0351703448493073,145.67899012455754,6.178523681323068,50.0,0.0,50.0,0.0,-2.453333333333333,0.3407834111768443
5,20,10,mean_local_acute_angle_deg,annotation_mask_same_extractor,50,3,False,50,50,6.928996468390078,0.4442729323313207,-4.293670537313843,0.2472555945201429,0.2755201261237284,0.0877232791451021,12.011380590356032,0.7681034819135419,50.0,0.0,50.0,0.0,0.0847041907867594,0.1024396885762099
5,20,20,dominant_path_length,annotation_mask_same_extractor,50,3,False,50,50,1210.5235329511422,56.25986308059216,-1137.2016003439442,51.9564784253668,0.3208566107056247,0.0472680702992103,41.24731338566942,1.6700354306531908,50.0,0.0,50.0,0.0,0.0,0.0
5,20,20,retained_segment_count,annotation_mask_same_extractor,50,3,False,50,50,47.72,1.4372195378577348,42.906666666666666,1.2657540572059525,0.7315032528136309,0.0106554108961226,61.50348489435127,1.508651423283051,50.0,0.0,50.0,0.0,-49.70666666666667,3.3066196233212715
5,20,20,junction_region_count,annotation_mask_same_extractor,50,3,False,50,50,109.25333333333332,5.545244208628985,107.34666666666664,4.80459502282277,0.4365867859622042,0.0351703448493073,145.67899012455754,6.178523681323068,50.0,0.0,50.0,0.0,-2.453333333333333,0.3407834111768443
5,20,20,mean_local_acute_angle_deg,annotation_mask_same_extractor,50,3,False,50,50,7.448472182965594,0.2361486439474672,-4.640863856179081,0.2609474737281563,0.28819365423754,0.0729558444995692,12.771876814679011,0.3808923942024851,50.0,0.0,50.0,0.0,0.6041799053622746,0.2501823121527642
7,5,5,dominant_path_length,annotation_mask_same_extractor,50,3,False,50,50,1210.5235329511422,56.25986308059216,-1137.2016003439442,51.9564784253668,0.3208566107056247,0.0472680702992103,41.24731338566942,1.6700354306531908,50.0,0.0,50.0,0.0,0.0,0.0
7,5,5,retained_segment_count,annotation_mask_same_extractor,50,3,False,50,50,175.74666666666667,7.278745313124607,175.54666666666665,7.155147331350588,0.4073165085522022,0.015452746264168,150.4493513027608,4.497478481712768,50.0,0.0,50.0,0.0,78.32,6.939827087183086
7,5,5,junction_region_count,annotation_mask_same_extractor,50,3,False,50,50,104.94666666666669,11.893684598699153,104.21333333333332,11.701783339873172,0.4490793472236983,0.081836067310335,128.1378627520937,11.963793309993312,50.0,0.0,50.0,0.0,-6.760000000000001,8.376419282724571
7,5,5,mean_local_acute_angle_deg,annotation_mask_same_extractor,50,3,False,50,50,6.098675708927281,0.2343291091840051,-3.552299821581631,0.1793037245704679,0.2764732678994428,0.0887099294127931,10.722727351413631,0.4289974461025666,50.0,0.0,50.0,0.0,-0.7456165686760382,0.2442889829278422
7,5,10,dominant_path_length,annotation_mask_same_extractor,50,3,False,50,50,1210.5235329511422,56.25986308059216,-1137.2016003439442,51.9564784253668,0.3208566107056247,0.0472680702992103,41.24731338566942,1.6700354306531908,50.0,0.0,50.0,0.0,0.0,0.0
7,5,10,retained_segment_count,annotation_mask_same_extractor,50,3,False,50,50,128.59333333333333,3.963298289724525,128.32666666666668,3.581582518012575,0.4990137512764672,0.0159678559096848,121.59259351667264,4.102505267746734,50.0,0.0,50.0,0.0,31.16666666666667,2.2978540713747027
7,5,10,junction_region_count,annotation_mask_same_extractor,50,3,False,50,50,104.94666666666669,11.893684598699153,104.21333333333332,11.701783339873172,0.4490793472236983,0.081836067310335,128.1378627520937,11.963793309993312,50.0,0.0,50.0,0.0,-6.760000000000001,8.376419282724571
7,5,10,mean_local_acute_angle_deg,annotation_mask_same_extractor,50,3,False,50,50,6.624903788751946,0.3573183666666695,-4.2547900309685724,0.228857567880937,0.2584382187420791,0.0970515967280375,11.49837379278878,0.605969950404915,50.0,0.0,50.0,0.0,-0.2193884888513727,0.2087602862585926
7,5,20,dominant_path_length,annotation_mask_same_extractor,50,3,False,50,50,1210.5235329511422,56.25986308059216,-1137.2016003439442,51.9564784253668,0.3208566107056247,0.0472680702992103,41.24731338566942,1.6700354306531908,50.0,0.0,50.0,0.0,0.0,0.0
7,5,20,retained_segment_count,annotation_mask_same_extractor,50,3,False,50,50,67.30000000000001,2.1185844330590182,66.10000000000001,2.3036492788616947,0.6429921566837637,0.0199093465783086,78.55378073058296,3.1492813194568723,50.0,0.0,50.0,0.0,-30.126666666666665,2.910005727371222
7,5,20,junction_region_count,annotation_mask_same_extractor,50,3,False,50,50,104.94666666666669,11.893684598699153,104.21333333333332,11.701783339873172,0.4490793472236983,0.081836067310335,128.1378627520937,11.963793309993312,50.0,0.0,50.0,0.0,-6.760000000000001,8.376419282724571
7,5,20,mean_local_acute_angle_deg,annotation_mask_same_extractor,50,3,False,50,50,7.033869540579679,0.3030451914926148,-4.455313137951347,0.2983432600554784,0.2926609413669173,0.0986619882886465,12.163241775987862,0.4678460536125508,50.0,0.0,50.0,0.0,0.1895772629763593,0.2697366504484142
7,10,5,dominant_path_length,annotation_mask_same_extractor,50,3,False,50,50,1210.5235329511422,56.25986308059216,-1137.2016003439442,51.9564784253668,0.3208566107056247,0.0472680702992103,41.24731338566942,1.6700354306531908,50.0,0.0,50.0,0.0,0.0,0.0
7,10,5,retained_segment_count,annotation_mask_same_extractor,50,3,False,50,50,138.04666666666665,6.988485768271498,137.54,6.616464312606843,0.4858194959371504,0.0215033421703372,123.18227567791638,5.423037581632962,50.0,0.0,50.0,0.0,40.620000000000005,5.751278118818453
7,10,5,junction_region_count,annotation_mask_same_extractor,50,3,False,50,50,99.91333333333334,11.546849498167592,99.1,11.34038800041691,0.465385700934918,0.0807043071365558,123.6961092144512,11.457111814187565,50.0,0.0,50.0,0.0,-11.793333333333337,7.814712620009337
7,10,5,mean_local_acute_angle_deg,annotation_mask_same_extractor,50,3,False,50,50,5.986189605808341,0.3852589371847252,-3.627612732859846,0.2843548312250426,0.3029410916856592,0.0978171906897235,10.45767786520396,0.6945237421734144,50.0,0.0,50.0,0.0,-0.8581026717949788,0.2119113520579239
7,10,10,dominant_path_length,annotation_mask_same_extractor,50,3,False,50,50,1210.5235329511422,56.25986308059216,-1137.2016003439442,51.9564784253668,0.3208566107056247,0.0472680702992103,41.24731338566942,1.6700354306531908,50.0,0.0,50.0,0.0,0.0,0.0
7,10,10,retained_segment_count,annotation_mask_same_extractor,50,3,False,50,50,102.71999999999998,4.0434143987476725,101.89333333333332,3.361091092686024,0.56973611893471,0.0180213491083952,101.02348939692033,3.928868010984437,50.0,0.0,50.0,0.0,5.293333333333332,2.477444920342992
7,10,10,junction_region_count,annotation_mask_same_extractor,50,3,False,50,50,99.91333333333334,11.546849498167592,99.1,11.34038800041691,0.465385700934918,0.0807043071365558,123.6961092144512,11.457111814187565,50.0,0.0,50.0,0.0,-11.793333333333337,7.814712620009337
7,10,10,mean_local_acute_angle_deg,annotation_mask_same_extractor,50,3,False,50,50,6.491045281994761,0.3953956458552835,-4.106496693002945,0.2958165862323379,0.2949916857692692,0.0854977643296381,11.30160465616936,0.6799935618821695,50.0,0.0,50.0,0.0,-0.3532469956085592,0.2150096175275119
7,10,20,dominant_path_length,annotation_mask_same_extractor,50,3,False,50,50,1210.5235329511422,56.25986308059216,-1137.2016003439442,51.9564784253668,0.3208566107056247,0.0472680702992103,41.24731338566942,1.6700354306531908,50.0,0.0,50.0,0.0,0.0,0.0
7,10,20,retained_segment_count,annotation_mask_same_extractor,50,3,False,50,50,56.56,1.0746162105607748,53.76,1.421689136203832,0.6875951474427171,0.0151189583274108,67.23390520356378,1.7271675921326972,50.0,0.0,50.0,0.0,-40.86666666666667,2.906980105424409
7,10,20,junction_region_count,annotation_mask_same_extractor,50,3,False,50,50,99.91333333333334,11.546849498167592,99.1,11.34038800041691,0.465385700934918,0.0807043071365558,123.6961092144512,11.457111814187565,50.0,0.0,50.0,0.0,-11.793333333333337,7.814712620009337
7,10,20,mean_local_acute_angle_deg,annotation_mask_same_extractor,50,3,False,50,50,6.959312549642981,0.4121771294407217,-4.5906105657059415,0.2084230389915876,0.3129279135265984,0.0960940200849765,12.048592073910257,0.6523093960378361,50.0,0.0,50.0,0.0,0.1150202720396604,0.225922689505537
7,15,5,dominant_path_length,annotation_mask_same_extractor,50,3,False,50,50,1210.5235329511422,56.25986308059216,-1137.2016003439442,51.9564784253668,0.3208566107056247,0.0472680702992103,41.24731338566942,1.6700354306531908,50.0,0.0,50.0,0.0,0.0,0.0
7,15,5,retained_segment_count,annotation_mask_same_extractor,50,3,False,50,50,113.94,7.04306751351994,112.98,6.478147883461753,0.5430847490668042,0.0234034942946854,105.5502034854676,5.771180938642007,50.0,0.0,50.0,0.0,16.513333333333335,5.605865975327388
7,15,5,junction_region_count,annotation_mask_same_extractor,50,3,False,50,50,96.56666666666666,11.254622753932424,95.44666666666666,11.137330619737089,0.4751887231341613,0.0816295058843953,120.38933069744527,11.439187040086988,50.0,0.0,50.0,0.0,-15.14,7.4630556744539955
7,15,5,mean_local_acute_angle_deg,annotation_mask_same_extractor,50,3,False,50,50,6.101118475819092,0.4491571842681019,-3.638412357105457,0.2154621506503009,0.3111874510320392,0.0991196393369665,10.705890986157506,0.7931875586493309,50.0,0.0,50.0,0.0,-0.743173801784228,0.2296363594262111
7,15,10,dominant_path_length,annotation_mask_same_extractor,50,3,False,50,50,1210.5235329511422,56.25986308059216,-1137.2016003439442,51.9564784253668,0.3208566107056247,0.0472680702992103,41.24731338566942,1.6700354306531908,50.0,0.0,50.0,0.0,0.0,0.0
7,15,10,retained_segment_count,annotation_mask_same_extractor,50,3,False,50,50,86.81333333333335,4.351796563872594,85.24,3.4399999999999995,0.6140249018993275,0.0170949039080783,88.18710793650602,4.215946579538064,50.0,0.0,50.0,0.0,-10.61333333333333,3.078592752108226
7,15,10,junction_region_count,annotation_mask_same_extractor,50,3,False,50,50,96.56666666666666,11.254622753932424,95.44666666666666,11.137330619737089,0.4751887231341613,0.0816295058843953,120.38933069744527,11.439187040086988,50.0,0.0,50.0,0.0,-15.14,7.4630556744539955
7,15,10,mean_local_acute_angle_deg,annotation_mask_same_extractor,50,3,False,50,50,6.628837785308381,0.4898422983564892,-4.168624787768038,0.3038843587639627,0.2852730754608476,0.091840664629084,11.573263862780044,0.841971501537052,50.0,0.0,50.0,0.0,-0.2154544922949384,0.2349604926261273
7,15,20,dominant_path_length,annotation_mask_same_extractor,50,3,False,50,50,1210.5235329511422,56.25986308059216,-1137.2016003439442,51.9564784253668,0.3208566107056247,0.0472680702992103,41.24731338566942,1.6700354306531908,50.0,0.0,50.0,0.0,0.0,0.0
7,15,20,retained_segment_count,annotation_mask_same_extractor,50,3,False,50,50,49.64666666666667,1.2413433583555096,45.46,1.1333137253205745,0.7184025124247156,0.0135026371472308,60.284733477729,1.298861995804899,50.0,0.0,50.0,0.0,-47.78,3.114674942911375
7,15,20,junction_region_count,annotation_mask_same_extractor,50,3,False,50,50,96.56666666666666,11.254622753932424,95.44666666666666,11.137330619737089,0.4751887231341613,0.0816295058843953,120.38933069744527,11.439187040086988,50.0,0.0,50.0,0.0,-15.14,7.4630556744539955
7,15,20,mean_local_acute_angle_deg,annotation_mask_same_extractor,50,3,False,50,50,7.147126707300455,0.2806945131610187,-4.606300272203796,0.2632844063511299,0.3135388553141269,0.0816205984091682,12.419126946251628,0.3792264814001269,50.0,0.0,50.0,0.0,0.3028344296971352,0.1416665068812847
7,20,5,dominant_path_length,annotation_mask_same_extractor,50,3,False,50,50,1210.5235329511422,56.25986308059216,-1137.2016003439442,51.9564784253668,0.3208566107056247,0.0472680702992103,41.24731338566942,1.6700354306531908,50.0,0.0,50.0,0.0,0.0,0.0
7,20,5,retained_segment_count,annotation_mask_same_extractor,50,3,False,50,50,98.75333333333332,7.401360235344133,97.04666666666668,6.571220079508317,0.5804299810980228,0.0238935193341991,94.3305077802425,6.215341949926145,50.0,0.0,50.0,0.0,1.326666666666663,6.155983539072641
7,20,5,junction_region_count,annotation_mask_same_extractor,50,3,False,50,50,94.04,11.430975461438106,92.77333333333333,11.248561389499256,0.4827364100563776,0.0839804687416685,118.38079420968488,11.518025148286975,50.0,0.0,50.0,0.0,-17.666666666666668,7.715136637372878
7,20,5,mean_local_acute_angle_deg,annotation_mask_same_extractor,50,3,False,50,50,6.214145259638966,0.5223183343225802,-3.6326818958428846,0.2436694547451152,0.301725981470324,0.0905884443623405,10.883840873756574,0.9661262247100052,50.0,0.0,50.0,0.0,-0.6301470179643539,0.356548303791805
7,20,10,dominant_path_length,annotation_mask_same_extractor,50,3,False,50,50,1210.5235329511422,56.25986308059216,-1137.2016003439442,51.9564784253668,0.3208566107056247,0.0472680702992103,41.24731338566942,1.6700354306531908,50.0,0.0,50.0,0.0,0.0,0.0
7,20,10,retained_segment_count,annotation_mask_same_extractor,50,3,False,50,50,76.76666666666667,5.03071896783485,73.71333333333334,4.005812443604084,0.6463470309075113,0.0190694791764353,79.2674750908775,4.684672404874464,50.0,0.0,50.0,0.0,-20.66,3.9610604640676703
7,20,10,junction_region_count,annotation_mask_same_extractor,50,3,False,50,50,94.04,11.430975461438106,92.77333333333333,11.248561389499256,0.4827364100563776,0.0839804687416685,118.38079420968488,11.518025148286975,50.0,0.0,50.0,0.0,-17.666666666666668,7.715136637372878
7,20,10,mean_local_acute_angle_deg,annotation_mask_same_extractor,50,3,False,50,50,6.776783554128406,0.5368796833234594,-4.31773009992585,0.3365041263795234,0.2793681558276907,0.0931142137231199,11.690245143705278,0.9526397472798348,50.0,0.0,50.0,0.0,-0.0675087234749132,0.2640613122117117
7,20,20,dominant_path_length,annotation_mask_same_extractor,50,3,False,50,50,1210.5235329511422,56.25986308059216,-1137.2016003439442,51.9564784253668,0.3208566107056247,0.0472680702992103,41.24731338566942,1.6700354306531908,50.0,0.0,50.0,0.0,0.0,0.0
7,20,20,retained_segment_count,annotation_mask_same_extractor,50,3,False,50,50,45.0,1.284211820534293,39.49333333333333,1.2522513059818836,0.740846679409889,0.0133588992949778,55.89291580523695,1.3697504964178844,50.0,0.0,50.0,0.0,-52.42666666666667,3.0342928885216898
7,20,20,junction_region_count,annotation_mask_same_extractor,50,3,False,50,50,94.04,11.430975461438106,92.77333333333333,11.248561389499256,0.4827364100563776,0.0839804687416685,118.38079420968488,11.518025148286975,50.0,0.0,50.0,0.0,-17.666666666666668,7.715136637372878
7,20,20,mean_local_acute_angle_deg,annotation_mask_same_extractor,50,3,False,50,50,7.223271406205064,0.2125305018881355,-4.865649750263082,0.3003999838558159,0.2995274066677179,0.074680713673764,12.28393096981744,0.2540899640573718,50.0,0.0,50.0,0.0,0.3789791286017439,0.2636037574976529
