source,trait,analysis_set,n,reference_zero_n,mae,rmse,bias_pred_minus_reference,bias_CI_low,bias_CI_high,LoA_low,LoA_high,pearson_r2,predictive_R2,CCC,MAPE_nonzero_reference_pct,MAPE_effective_n
Exp4_Ours,length,all_original_outputs,10,0,209.55200000000005,279.80482797836066,131.5999999999999,-13.22159999999998,288.85359999999986,-378.55328137642033,641.7532813764201,0.9431442530087705,0.9188018029143191,0.9617465578926041,9.613246787008592,10
Exp4_Ours,count,all_original_outputs,10,0,28.2,33.66006535941367,-2.2,-23.7,17.2,-71.59371934436463,67.19371934436462,0.9339201244370939,0.9284174959517661,0.9602339214126819,30.96115562430617,10
Exp4_Ours,junctions,all_original_outputs,10,0,23.5,28.588459209967926,-3.1,-21.1,13.402499999999964,-61.8160956921808,55.6160956921808,0.9219227939673471,0.9198773406688423,0.9569274908326648,31.652356525050763,10
Exp4_Ours,angle,all_original_outputs,10,0,1.9510512206301605,2.808775913599507,1.031935352486213,-0.4544580234740574,2.7612557042543973,-4.3652194664021025,6.429090171374529,0.9022667410396308,0.8860610954918081,0.9422531546092303,3.725545245332709,10
Exp4_Ours,angle,valid_angles_only,10,0,1.9510512206301605,2.808775913599507,1.031935352486213,-0.4544580234740574,2.7612557042543973,-4.3652194664021025,6.429090171374529,0.9022667410396308,0.8860610954918081,0.9422531546092303,3.725545245332709,10
Separate_supplied_run,length,all_original_outputs,10,0,175.50400000000005,241.53209641784665,98.22400000000002,-29.567999999999927,242.15239999999994,-357.6594323075219,554.107432307522,0.9549210551588412,0.9394957780720778,0.9713822183326075,8.39584103875774,10
Separate_supplied_run,count,all_original_outputs,10,0,26.0,32.38826948140329,0.2,-19.8025,19.8,-66.71358221201764,67.11358221201765,0.9338873062922862,0.9337245836305408,0.9652933325481047,30.072890153887542,10
Separate_supplied_run,junctions,all_original_outputs,10,0,22.8,28.0178514522438,-1.2,-18.6,15.4,-59.03236402645917,56.632364026459165,0.9232377843899159,0.923043817967749,0.9596975829844736,33.46195334769529,10
Separate_supplied_run,angle,all_original_outputs,10,0,2.38324160733118,2.726785800036427,0.6660898390265025,-0.9335658698806746,2.2960221589742646,-4.7968415656117545,6.12902124366476,0.8998850800989082,0.89261591956333,0.9420006207447109,4.617154726911178,10
Separate_supplied_run,angle,valid_angles_only,10,0,2.38324160733118,2.726785800036427,0.6660898390265025,-0.9335658698806746,2.2960221589742646,-4.7968415656117545,6.12902124366476,0.8998850800989082,0.89261591956333,0.9420006207447109,4.617154726911178,10
