image,condition,tp,fp,fn,dice,iou,precision,recall,cldice,image_width,image_height,io_seconds,external_perturbation_seconds,preprocessing_seconds,inference_seconds,postprocessing_seconds,peak_GPU_allocated_bytes,prediction_sha256,different_pixels_from_saved_Exp4,dice_against_saved_Exp4,phenotype_seconds_uninstrumented,original_pipeline_seconds
10-1-1(1),blur_sigma1.0,110995,75107,16723,0.7073800267669365,0.5472451620855417,0.5964202426626258,0.8690630921248376,0.8841594774517526,2311,3209,0.021245300071313977,0.001222599996253848,0.02011549996677786,2.5752103000413626,0.009226800058968365,130277376,be542abd597ba5c05e9bce4a86534842d1c70a02110603f124f33f9e781a3149,,,,
10-1-1(1),gamma_0.8,100013,28259,27705,0.7813820852377046,0.6412035107740244,0.7796947112386179,0.7830767785276939,0.8964887154237092,2311,3209,0.019635300035588443,0.0023253000108525157,0.017776999971829355,2.694941300083883,0.009478499996475875,130277376,9fd24766133c15194e29aebe799e6b364c3c4802f5b03390eb1b4b7bf6f89206,,,,
10-1-1(1),gamma_1.2,100974,28442,26744,0.7853803853243834,0.6466060450819672,0.780228101625765,0.7906011681986878,0.8948171082348382,2311,3209,0.020314499968662858,0.0013008000096306205,0.018388999975286424,2.5931408000178635,0.012756200041621923,130277376,1db1fc5f9f977206a06e1dc54e68b9d7fb9b1ba7c2a3fc7bff685905b29782ec,,,,
10-1-1(1),original,100576,28290,27142,0.7839615876282231,0.6446848879544639,0.7804696351248583,0.7874849277314082,0.8925883713491272,2311,3209,0.02197810006327927,0.0012895000400021672,0.0213823999511078,3.1820295000215992,0.010972199961543083,130277376,041a8b46a5c8e3a113c85203f5a1b143792276089b38ee5e04301d1690f8e7be,1.0,0.9999961199855664,2.096275999909267,5.332638199906796
10-1-2(1),blur_sigma1.0,109755,74308,47719,0.6427122098045014,0.4735268485041979,0.5962904005693702,0.6969721985851632,0.7015604201311735,2311,3209,0.019873099983669817,0.0022609999869018793,0.018128499970771372,2.6104143999982625,0.011150800040923059,130277376,4a1afe1d7f8cfd432ea3c6e219c0049b2d9ddc086eb7a9a2d8df05ee4c7a54d2,,,,
10-1-2(1),gamma_0.8,121215,37729,36259,0.7661700661782832,0.6209689400265365,0.7626270887859875,0.7697461168192844,0.8616170833437246,2311,3209,0.020759599981829524,0.0015626000240445137,0.02006969996728003,2.870902599999681,0.010493400041013956,130277376,8e06e7ddd58993bff02f41ff1c8d3673ef22db2c026ad8c2614b328f36a53bab,,,,
10-1-2(1),gamma_1.2,121992,38700,35482,0.766844980293306,0.6218561073332858,0.7591666044358151,0.7746802646786136,0.8651845841670412,2311,3209,0.019824700080789626,0.0013586999848484993,0.01855559996329248,2.87229829991702,0.012657300103455782,130277376,b796a0f6bc60a24b64a90606f8ae70aeffded949a190a3bb9ed677528d27b17f,,,,
10-1-2(1),original,122306,38523,35168,0.7684878873274835,0.6240197554044195,0.7604723028806993,0.7766742446372099,0.8670600461773786,2311,3209,0.021011800039559603,0.002157100010663271,0.019919799990020692,2.956601099926047,0.010752399917691946,130277376,d7bbae94c3068c87262ab86f7360678d9276aef5eb329543ae323f055ac54d63,1.0,0.9999968911176121,3.5842798999510705,6.59256499982439
10-1-2(2),blur_sigma1.0,101209,55474,62621,0.6315438063354685,0.46150093021559113,0.645947550149027,0.6177684184825734,0.6633428281340226,2311,3209,0.021074800053611398,0.0012931999517604709,0.01997200003825128,2.901776500046253,0.013404999976046383,130277376,c8300c5e3296939bfeca6cb98666a22815bdb9a9e0bebb8add6a990aefdfbf17,,,,
10-1-2(2),gamma_0.8,129901,44833,33929,0.7673645160146974,0.622539693189497,0.743421429143727,0.7929011780504182,0.8763837197640374,2311,3209,0.022986600059084594,0.0014924999559298158,0.02035290002822876,2.8782416000030935,0.011088600032962859,130277376,85108bccf15d62d9d32b33a1654d6ee41d898f43a2c7782acd2005b5d1ad5fec,,,,
10-1-2(2),gamma_1.2,132503,47300,31327,0.7711890301571735,0.6275896367167149,0.7369343114408548,0.80878349508637,0.8828232606642132,2311,3209,0.02050840004812926,0.0013300999999046326,0.018841100041754544,2.8120967999566346,0.01203779992647469,130277376,5551cf4c5aca7875752cf52e0d9e41a1ac9f6753a13f82e26ef2b12283d6e031,,,,
10-1-2(2),original,132326,46709,31504,0.7718839776588453,0.6285106322344078,0.7391068785433016,0.807703106879082,0.8827156661909958,2311,3209,0.021266199997626245,0.001578599913045764,0.02075610007159412,2.8592411000281572,0.01594810001552105,130277376,793ae6de8df90a288a0428963aa036ff8ef930564eac18a3f519504f4ccce003,1.0,0.9999972072577785,5.574740100069903,8.491951600182801
10-1-2(3),blur_sigma1.0,98756,82798,28827,0.6389141383917163,0.46941501371321553,0.5439483569626667,0.7740529694395021,0.7398118018573459,2311,3209,0.021936899982392788,0.0015250000869855285,0.019327699905261397,2.8989999999757856,0.011504500056616962,130277376,485baa864e03ae15bf58c7d20c387d0d445d4aa5104df637b47d71aa2b2ca260,,,,
10-1-2(3),gamma_0.8,104254,41531,23329,0.7627374089139914,0.616471729129463,0.7151215831532737,0.8171464850332725,0.8551350303005687,2311,3209,0.019347700057551265,0.0013206999283283949,0.018419599975459278,2.840476299985312,0.011168899945914745,130277376,b6e42254af260c1244de7ee7791815eb51b98059e69fac33dd78b0f62c8d9bcb,,,,
10-1-2(3),gamma_1.2,105785,41024,21798,0.7710501763899822,0.6274057423475894,0.7205620908799869,0.8291465163854118,0.8660358075705097,2311,3209,0.022100300062447786,0.0013105000834912062,0.019089699955657125,2.990789500065148,0.0109461999963969,130277376,e4edbf211a56a4cf118782dd792ec6db9952081757743c563c37484a5b238cf5,,,,
10-1-2(3),original,105430,41740,22153,0.7674529486484224,0.6226561069671575,0.7163824148943398,0.8263640140144063,0.8594626177317873,2311,3209,0.019563999958336353,0.0022486000088974833,0.023018999956548214,2.6191027000313625,0.011520100058987737,130277376,fe58097b9a51bee7449843f7f51bd585b26220c9d4dbc7646b1eee5fac5dc28b,2.0,0.9999932051369165,3.0827680999645963,5.755973899969831
10-1-3,blur_sigma1.0,98830,80053,48776,0.6054109020518302,0.43411417954045306,0.5524840258716591,0.6695527282088803,0.6741097642868159,2311,3209,0.01974979997612536,0.00330700003542006,0.01908909995108843,2.6591680999845266,0.010831600055098534,130277376,da4335deafc6a2ff16e09d3d3effcda43c0883ea000f96c39a0aa10c9541f267,,,,
10-1-3,gamma_0.8,121341,53100,26265,0.7535608156573419,0.6045708648470898,0.695599085077476,0.822060078858583,0.8609116736830822,2311,3209,0.022066500037908554,0.0012509999796748161,0.019544900045730174,2.717625300050713,0.010010799975134432,130277376,2e704943179cad6be12eb2ecd1213e97f4e74b0a27170cc1bf49ab876b41e0b9,,,,
10-1-3,gamma_1.2,124910,54179,22696,0.7646887769938322,0.6190252000892038,0.6974744400828639,0.8462393127650637,0.8767901278568936,2311,3209,0.021401099977083504,0.0013778000138700008,0.018064699950627983,2.636678699986078,0.015755200060084462,130277376,dbf3304f44dca793d8f3b435cd43980a14d69aaf314b7c6eaf7e99860042e43f,,,,
10-1-3,original,124589,53995,23017,0.763904472853245,0.6179979265975863,0.6976492854903015,0.8440646044198745,0.8758895613451276,2311,3209,0.02268629998434335,0.0011126999743282795,0.018398100044578314,2.557746800011955,0.012573300045914948,130277376,04399172403ce71b3deec28a31e161422d60adbc5a3c40376b7024a661a139ee,4.0,0.9999888007884244,5.352021500002593,7.963426000089385
10-2-2,blur_sigma1.0,127386,85302,133050,0.5384888528165978,0.3684466272148274,0.5989336492890995,0.4891259272911579,0.5593387668469575,2311,3209,0.019202199997380376,0.001317800022661686,0.019051399896852672,2.6314391000196338,0.010063800029456615,130277376,365b0e556731dce581d3961f5769ad107cd00205efe41b4756078e2586974b1a,,,,
10-2-2,gamma_0.8,209381,94905,51055,0.7415365436444835,0.5892396317903085,0.6881059266611017,0.8039633537606168,0.8387482602099291,2311,3209,0.01933949999511242,0.0014335999730974436,0.018980099936015904,2.820212500053458,0.010431900038383901,130277376,5d25408ba11ab310915238355c4bb37d3091687192047f1553d98d2bbdb27623,,,,
10-2-2,gamma_1.2,218035,102611,42401,0.7504448597616171,0.6005696232168287,0.6799866519463832,0.8371922468475941,0.8497554118685614,2311,3209,0.02553830004762858,0.0012798999669030309,0.019251500023528934,2.5968625999521464,0.013286000001244247,130277376,9879d8973959692d0e06ab1eeee806007f7ca467e79f461f0f58c72787dcef7e,,,,
10-2-2,original,215293,100630,45143,0.7470795112074246,0.5962704879440324,0.6814730171592445,0.8266637484833126,0.8464160441102202,2311,3209,0.022058899980038404,0.0014204999897629023,0.018537299940362573,2.5496112999971956,0.00905999995302409,130277376,19695267f4ebb20b37b417bf893f18166976b37ee75046854cb33df2029d00a4,2.0,0.9999968346617203,10.620281800045632,13.219549299916252
10-2-3,blur_sigma1.0,22042,24373,9717,0.5639215084299127,0.3926815363785363,0.4748895831089088,0.6940394848704304,0.5784378333056378,2311,3209,0.021006599999964237,0.0014868000289425254,0.019095399999059737,2.8521205000579357,0.010749200009740889,130277376,97ccae1a6d8bf8d5586a2b5d81d475d06c33b743bdca57d9c105e8aaa2822d25,,,,
10-2-3,gamma_0.8,27470,23919,4289,0.6607495069033531,0.49337260677466865,0.5345501955671447,0.8649516672439308,0.7086768453401078,2311,3209,0.01990069996099919,0.003110899939201772,0.022584800026379526,2.639642799971625,0.010706400033086538,130277376,297df196659e2ec52cc36043ab101034633e80db3f694135395f6624c9c5cbe3,,,,
10-2-3,gamma_1.2,27677,26257,4082,0.6459570793413698,0.4770580529509101,0.5131642377720919,0.8714695047073271,0.7120966452415162,2311,3209,0.022813200019299984,0.0013907999964430928,0.01799990003928542,2.5962510999524966,0.011861499981023371,130277376,895648a9e6a797701c9a21023b2ba894a18ec7961301bf7f1d5469d0e6682599,,,,
10-2-3,original,27813,25534,3946,0.6536084412379856,0.485451974935856,0.5213601514611881,0.8757517554079158,0.7099753397148542,2311,3209,0.019038300029933453,0.0010516999755054712,0.01850529992952943,2.705947900074534,0.012339900014922023,130277376,3046cd5ba552dbae78656677a2dd6058881b13e993a20ee7047983eac8f40156,1.0,0.9999906274895731,2.1323504999745637,4.888181900023483
10-9-1,blur_sigma1.0,87686,65280,42884,0.6185175780147847,0.44772019402604035,0.5732384974438764,0.6715631462051007,0.7180815258519597,2311,3209,0.02081929997075349,0.0012745000422000885,0.020040699979290366,2.614346000016667,0.00886579998768866,130277376,1eae2169dd3258053b0dd41171d1cfb2cb0c235aeee275e3c3d04c5bd381922a,,,,
10-9-1,gamma_0.8,105960,54677,24610,0.7277297592434248,0.5719930687136634,0.6596238724577774,0.8115187255878074,0.8178804897787054,2311,3209,0.020587800070643425,0.0021362999686971307,0.018141200067475438,2.6624846999766305,0.01113290002103895,130277376,b57632caecf587504345f5b24ae7f74c79bf99552730348c348cdb70fc5704a4,,,,
10-9-1,gamma_1.2,106098,55461,24472,0.7263777303862334,0.5703243007885782,0.6567136464078138,0.8125756299303056,0.8176843015318834,2311,3209,0.02009919995907694,0.0013674000510945916,0.01921619998756796,3.113050500047393,0.013621600111946464,130277376,23dea45c2f8b01ddba97ff85510d3ac2c02f7afa387cfbfe53b536a598d2ed29,,,,
10-9-1,original,106287,55520,24283,0.7270544536676962,0.5711591165565049,0.6568751660929378,0.814023129355901,0.8197223455995867,2311,3209,0.019849900039844215,0.002329300041310489,0.019910799921490252,2.5631454000249505,0.011505300062708557,130277376,db02a6238797489af2f4eef436ae12e05ea79eab06e192eb8b4164fe79003e55,1.0,0.9999969098892814,2.9396522999741137,5.554063700023107
235-25-9(3),blur_sigma1.0,76033,59741,53136,0.5739574172557871,0.4024826637022921,0.5599967593206358,0.5886319472938554,0.6220860418238565,2311,3209,0.019860200001858175,0.002697399933822453,0.01868890004698187,2.64191850007046,0.009865500032901764,130277376,6fb29d66320d0328689df2d48eb6d4810197ab3c8c61eb1f2cae023cad9d96d7,,,,
235-25-9(3),gamma_0.8,103964,37565,25205,0.7681179764904063,0.6235320930344141,0.7345773657695596,0.8048680410934512,0.8768080127781102,2311,3209,0.019096800009720027,0.0017755998997017741,0.021317700040526688,2.669518699985929,0.010549500002525747,130277376,1a8c5926d316b8e20a7485da81e853fdee8e40b4f6d535f78f1c08b2d7e039bd,,,,
235-25-9(3),gamma_1.2,106494,38918,22675,0.7756836780403596,0.6335647611058559,0.7323604654361401,0.8244547840426109,0.8850084194073138,2311,3209,0.03558080003131181,0.023086900007911026,0.023216299945488572,2.69971849990543,0.0139004000229761,130277376,efffaffc30a79cb2e4d2713c9706fcaef7ecc71df4e6ed87cb0ed75a2067ccc9,,,,
235-25-9(3),original,106187,38873,22982,0.7744403400078037,0.6319074993156473,0.7320212325934097,0.8220780527835626,0.882119168985331,2311,3209,0.019923800020478666,0.001093599945306778,0.01921520009636879,2.7084523999365047,0.012086999951861799,130277376,f32bd9c6e18ef49fce02b09e49abe7c3edf6afa55d062d4668aad1c6200bc05d,1.0,0.9999965531623013,5.49038789991755,8.250066299922764
7-1-6(2),blur_sigma1.0,248090,116805,156999,0.6444030005818303,0.47536472923620504,0.6798942161443703,0.6124333171229038,0.6805444070681289,2311,3209,0.021879700012505054,0.0016534000169485807,0.01854550000280142,2.624365800060332,0.009091699961572886,130277376,90ee2e7b93a264aea13edb71ad3d61391a46cd195a5bc043a85704e7ffb9d119,,,,
7-1-6(2),gamma_0.8,280340,95955,124749,0.717547326282596,0.5595117394879492,0.7450005979351307,0.6920454517402349,0.8151432646660146,2311,3209,0.022323100012727082,0.0012724000262096524,0.01990980003029108,2.7776692000916228,0.012429599999450147,130277376,9fd4327f6af67e90247cdf76972fefad4ea5c399280c50b8e3f8dccaf6353cc2,,,,
7-1-6(2),gamma_1.2,288832,101162,116257,0.7265455304666305,0.5705312187037656,0.7406062657374216,0.713008746226138,0.8309689632832409,2311,3209,0.01878400007262826,0.0013157000066712499,0.018094300059601665,2.861978300032206,0.012259799987077713,130277376,6dc7e973d415447b801d856f4e72cf80adc864b8db1aa060f2cb5d8bb3ef4c8e,,,,
7-1-6(2),original,287246,99699,117843,0.7253375486405886,0.5690428457094859,0.7423432270736151,0.7090935572182903,0.8275371898531616,2311,3209,0.021792200044728816,0.0010837999871000648,0.018391399993561208,2.702912100008689,0.013146000099368393,130277376,5d5e1038b7e45b03aae4349c70bf5eb852e71080860add0a4c5494372a630f40,3.0,0.9999961234850903,12.224105799919926,14.980347500066273
