source,image,length,count,junctions,angle,valid_angle_components,angle_is_measured,angle_is_default_60,angle_no_measurement_zero,raw_primary_path_found,seconds_with_state_observation
annotation_mask,10-1-1(1),2873.92,34.0,27.0,46.55369142421856,34,True,False,False,True,1.7831545999506488
annotation_mask,10-1-2(1),3280.4800000000005,116.0,112.0,65.110959393832,115,True,False,False,True,3.7197460000170395
annotation_mask,10-1-2(2),3167.36,183.0,166.0,65.79710280546873,183,True,False,False,True,4.33169869997073
annotation_mask,10-1-2(3),2325.1200000000003,118.0,84.0,49.42162273981469,118,True,False,False,True,3.338367799995467
annotation_mask,10-1-3,2782.0800000000004,172.0,121.0,51.22184939107334,172,True,False,False,True,4.355115799931809
annotation_mask,10-2-2,3680.32,333.0,297.0,59.606889619078366,333,True,False,False,True,7.792198800016195
annotation_mask,10-2-3,704.48,27.0,19.0,44.13855109856486,27,True,False,False,True,0.9882219999562949
annotation_mask,10-9-1,2700.32,60.0,47.0,46.95904801246714,60,True,False,False,True,1.8142521999543533
annotation_mask,235-25-9(3),3047.5200000000004,164.0,149.0,63.81317638067746,164,True,False,False,True,4.030617699958384
annotation_mask,7-1-6(2),4798.080000000001,444.0,331.0,45.54828278768004,420,True,False,False,True,10.560711199999787
Exp4_Ours,10-1-1(1),3139.36,42.0,32.0,47.1941786855611,42,True,False,False,True,2.240065399906598
Exp4_Ours,10-1-2(1),3307.36,106.0,96.0,62.64621708549029,105,True,False,False,True,3.7469015000388026
Exp4_Ours,10-1-2(2),3248.0000000000005,173.0,161.0,66.24975261759026,172,True,False,False,True,5.2247745000058785
Exp4_Ours,10-1-2(3),2345.28,90.0,64.0,48.56866027805633,90,True,False,False,True,3.2428570999763906
Exp4_Ours,10-1-3,3482.0800000000004,187.0,126.0,50.22539479164899,187,True,False,False,True,5.612852499936707
Exp4_Ours,10-2-2,3804.6400000000003,371.0,333.0,59.325469647883054,371,True,False,False,True,11.055569299962372
Exp4_Ours,10-2-3,465.9200000000001,65.0,45.0,46.72316215149152,65,True,False,False,True,2.192137699923478
Exp4_Ours,10-9-1,2957.92,91.0,77.0,53.54943377722513,91,True,False,False,True,3.1784423999488354
Exp4_Ours,235-25-9(3),3278.2400000000002,132.0,116.0,68.31518985269949,132,True,False,False,True,5.076911500073038
Exp4_Ours,7-1-6(2),4646.88,372.0,272.0,45.693068290091155,362,True,False,False,True,12.266910800011829
Separate_supplied_run,10-1-1(1),3123.6800000000003,38.0,29.0,44.722058990264166,38,True,False,False,True,2.0231939000077546
Separate_supplied_run,10-1-2(1),3271.5200000000004,106.0,98.0,61.88942636941368,105,True,False,False,True,5.020126600051299
Separate_supplied_run,10-1-2(2),3240.1600000000003,179.0,157.0,64.95157164826854,178,True,False,False,True,5.699297899962403
Separate_supplied_run,10-1-2(3),2353.1200000000003,100.0,75.0,52.13131277767571,100,True,False,False,True,3.8224037000909448
Separate_supplied_run,10-1-3,3386.88,176.0,124.0,49.36268565557328,176,True,False,False,True,5.76298409991432
Separate_supplied_run,10-2-2,3800.1600000000003,385.0,335.0,58.77899112862795,385,True,False,False,True,11.315638499916531
Separate_supplied_run,10-2-3,467.04,69.0,51.0,49.09952731874186,69,True,False,False,True,2.3505399000132456
Separate_supplied_run,10-9-1,2758.5600000000004,89.0,80.0,50.3621455737796,89,True,False,False,True,3.318907400011085
Separate_supplied_run,235-25-9(3),3282.7200000000003,114.0,100.0,67.22671182969903,114,True,False,False,True,5.120480000041425
Separate_supplied_run,7-1-6(2),4658.080000000001,397.0,292.0,46.3076407510964,388,True,False,False,True,12.401174600003287
