condition,metric,n,mean,change_from_original,change_CI_low,change_CI_high,minimum_image_value,maximum_image_value
original,dice,10,0.7483211168877718,0.0,0.0,0.0,0.6536084412379856,0.7839615876282231
original,iou,10,0.5991701233619562,0.0,0.0,0.0,0.485451974935856,0.6446848879544639
original,cldice,10,0.846348635105757,0.0,0.0,0.0,0.7099753397148542,0.8925883713491272
original,precision,10,0.7028153311313896,0.0,0.0,0.0,0.5213601514611881,0.7804696351248583
original,recall,10,0.8089901140930962,0.0,0.0,0.0,0.7090935572182903,0.8757517554079158
gamma_0.8,dice,10,0.7446896004566282,-0.0036315164311435887,-0.006272678790626073,-0.0005892169646320108,0.6607495069033531,0.7813820852377046
gamma_0.8,iou,10,0.5943403877767615,-0.004829735585194695,-0.008084369541794909,-0.0011446411909037703,0.49337260677466865,0.6412035107740244
gamma_0.8,cldice,10,0.8407793095287989,-0.0055693255769581175,-0.008731304195691326,-0.002451407689754571,0.7086768453401078,0.8964887154237092
gamma_0.8,precision,10,0.7058321855789795,0.003016854447590045,0.000632197013873248,0.005860385069480655,0.5345501955671447,0.7796947112386179
gamma_0.8,recall,10,0.7962277876715292,-0.012762326421567027,-0.016921157917086503,-0.00857642132463298,0.6920454517402349,0.8649516672439308
gamma_1.2,dice,10,0.7484162227154887,9.510582771699028e-05,-0.0019516610862307649,0.0017535893587414474,0.6459570793413698,0.7853803853243834
gamma_1.2,iou,10,0.5994530688334698,0.0002829454715138069,-0.0020808849063192712,0.0022983121869872163,0.4770580529509101,0.6466060450819672
gamma_1.2,cldice,10,0.848116462982601,0.0017678278768441303,0.00025416802703394196,0.003337530402293726,0.7120966452415162,0.8948171082348382
gamma_1.2,precision,10,0.7017196815765138,-0.001095649554875966,-0.003011138644071868,0.0005959402891094606,0.5131642377720919,0.780228101625765
gamma_1.2,recall,10,0.8108151668868123,0.001825052793715931,-0.00043644834075364793,0.004346171374599862,0.713008746226138,0.8714695047073271
blur_sigma1.0,dice,10,0.6165249440449366,-0.13179617284283526,-0.1603681137050279,-0.10523163118875298,0.5384888528165978,0.7073800267669365
blur_sigma1.0,iou,10,0.44724978846169006,-0.15192033490026607,-0.18316564138608432,-0.12227244270628977,0.3684466272148274,0.5472451620855417
blur_sigma1.0,cldice,10,0.6821472866757651,-0.16420134842999196,-0.21130232208933106,-0.11497441948526374,0.5593387668469575,0.8841594774517526
blur_sigma1.0,precision,10,0.5822043281522239,-0.12061100297916558,-0.1505047380679509,-0.08992297343960341,0.4748895831089088,0.6798942161443703
blur_sigma1.0,recall,10,0.6683203229624406,-0.14066979113065586,-0.20628677701688702,-0.07205439385654579,0.4891259272911579,0.8690630921248376
