baseline,metric,resampling_unit,n_units,difference_ours_minus_baseline,ci95_low,ci95_high,n_positive_images,n_negative_images,bootstrap_replicates,seed
Base U-Net,precision,complete_image,10,-0.009036826907465923,-0.010963253060787593,-0.0066932921783307,0,10,10000,20260903
Base U-Net,precision,filename_group_UNVERIFIED_biological_identity,8,-0.009036826907465923,-0.011003306127366733,-0.00590007569571351,0,10,10000,20260903
Attention U-Net,precision,complete_image,10,-0.013219704040502378,-0.015710008986202683,-0.010827826374563643,0,10,10000,20260903
Attention U-Net,precision,filename_group_UNVERIFIED_biological_identity,8,-0.013219704040502378,-0.015619858066441547,-0.01068005740369489,0,10,10000,20260903
U-Net + clDice,precision,complete_image,10,0.002619519703008122,8.717671911905312e-05,0.005071778432988963,7,3,10000,20260903
U-Net + clDice,precision,filename_group_UNVERIFIED_biological_identity,8,0.002619519703008122,4.37626393029004e-05,0.00599477041452344,7,3,10000,20260903
Base U-Net,recall,complete_image,10,0.02102298993082118,0.015203930754618117,0.026272199849167725,10,0,10000,20260903
Base U-Net,recall,filename_group_UNVERIFIED_biological_identity,8,0.02102298993082118,0.013216855778960921,0.025967096569620523,10,0,10000,20260903
Attention U-Net,recall,complete_image,10,0.023103519156298637,0.018003603145016346,0.028492901832889186,10,0,10000,20260903
Attention U-Net,recall,filename_group_UNVERIFIED_biological_identity,8,0.023103519156298637,0.017340174617230295,0.028737325006529178,10,0,10000,20260903
U-Net + clDice,recall,complete_image,10,0.0021790154191180357,-0.0023794705491962495,0.007299476135352787,6,4,10000,20260903
U-Net + clDice,recall,filename_group_UNVERIFIED_biological_identity,8,0.0021790154191180357,-0.0027808903128131177,0.007671305368241564,6,4,10000,20260903
Base U-Net,dice,complete_image,10,0.004573783015785327,0.0016062746699592907,0.007193569874593866,9,1,10000,20260903
Base U-Net,dice,filename_group_UNVERIFIED_biological_identity,8,0.004573783015785327,0.0011075563950286305,0.006585892002755327,9,1,10000,20260903
Attention U-Net,dice,complete_image,10,0.0029624190751001535,-0.0002619735963309705,0.006302233933386618,7,3,10000,20260903
Attention U-Net,dice,filename_group_UNVERIFIED_biological_identity,8,0.0029624190751001535,-0.0007463260837878016,0.006566362893419742,7,3,10000,20260903
U-Net + clDice,dice,complete_image,10,0.0025646455762419864,-0.00016089093975884842,0.005494393019812221,8,2,10000,20260903
U-Net + clDice,dice,filename_group_UNVERIFIED_biological_identity,8,0.0025646455762419864,-3.6466684653901904e-05,0.006261090522982099,8,2,10000,20260903
Base U-Net,iou,complete_image,10,0.0060640369756317924,0.002229757714169996,0.009316447652695705,9,1,10000,20260903
Base U-Net,iou,filename_group_UNVERIFIED_biological_identity,8,0.0060640369756317924,0.0014250569725186176,0.008601908160171437,9,1,10000,20260903
Attention U-Net,iou,complete_image,10,0.00401468461337085,-5.917424617898903e-05,0.008315579105952018,7,3,10000,20260903
Attention U-Net,iou,filename_group_UNVERIFIED_biological_identity,8,0.00401468461337085,-0.0006225409497230062,0.00859359017648248,7,3,10000,20260903
U-Net + clDice,iou,complete_image,10,0.0033953871151558455,-0.00010118325489840707,0.007214259292899404,8,2,10000,20260903
U-Net + clDice,iou,filename_group_UNVERIFIED_biological_identity,8,0.0033953871151558455,0.00017294573874249736,0.008052212401028075,8,2,10000,20260903
Base U-Net,cldice,complete_image,10,0.002818394376639266,-0.00042196107851630966,0.006291641847076936,6,4,10000,20260903
Base U-Net,cldice,filename_group_UNVERIFIED_biological_identity,8,0.002818394376639266,-0.0012433726368882552,0.005711884708774253,6,4,10000,20260903
Attention U-Net,cldice,complete_image,10,0.002115108343814509,-0.002852621492130049,0.006322059139850604,7,3,10000,20260903
Attention U-Net,cldice,filename_group_UNVERIFIED_biological_identity,8,0.002115108343814509,-0.0037577080744223834,0.006418244940016109,7,3,10000,20260903
U-Net + clDice,cldice,complete_image,10,0.002520927518591165,-0.0005962630051113133,0.005607480365622887,7,3,10000,20260903
U-Net + clDice,cldice,filename_group_UNVERIFIED_biological_identity,8,0.002520927518591165,-0.0003654024234540672,0.005778425170985244,7,3,10000,20260903
Base U-Net,topology_precision,complete_image,10,-0.010997227311870906,-0.013534972971779805,-0.008400123910570866,0,10,10000,20260903
Base U-Net,topology_precision,filename_group_UNVERIFIED_biological_identity,8,-0.010997227311870906,-0.013245397710018713,-0.008130635142181562,0,10,10000,20260903
Attention U-Net,topology_precision,complete_image,10,-0.009715785509203078,-0.012960562161425498,-0.006845546559303164,0,10,10000,20260903
Attention U-Net,topology_precision,filename_group_UNVERIFIED_biological_identity,8,-0.009715785509203078,-0.013255467003104792,-0.007279633250127547,0,10,10000,20260903
U-Net + clDice,topology_precision,complete_image,10,-0.0008827540432316594,-0.003966977964729549,0.0021092003145160346,6,4,10000,20260903
U-Net + clDice,topology_precision,filename_group_UNVERIFIED_biological_identity,8,-0.0008827540432316594,-0.00422726994483259,0.0022879844200732746,6,4,10000,20260903
Base U-Net,topology_recall,complete_image,10,0.01822990789784178,0.011765069712945391,0.025212753324540454,9,1,10000,20260903
Base U-Net,topology_recall,filename_group_UNVERIFIED_biological_identity,8,0.01822990789784178,0.0099390308555982,0.023563543622629607,9,1,10000,20260903
Attention U-Net,topology_recall,complete_image,10,0.015810648778098357,0.00842550309523181,0.022784005725519713,8,2,10000,20260903
Attention U-Net,topology_recall,filename_group_UNVERIFIED_biological_identity,8,0.015810648778098357,0.007100340492011988,0.022794700217973203,8,2,10000,20260903
U-Net + clDice,topology_recall,complete_image,10,0.005819236084752011,-0.0007739791524633059,0.013002159045473806,7,3,10000,20260903
U-Net + clDice,topology_recall,filename_group_UNVERIFIED_biological_identity,8,0.005819236084752011,5.8893092149975286e-05,0.013400484608837034,7,3,10000,20260903
Base U-Net,tolerance2_f1,complete_image,10,0.005345142249158286,0.0025174058991887884,0.007902418905515836,9,1,10000,20260903
Base U-Net,tolerance2_f1,filename_group_UNVERIFIED_biological_identity,8,0.005345142249158286,0.002019184841245955,0.007496637958334699,9,1,10000,20260903
Attention U-Net,tolerance2_f1,complete_image,10,0.0035867568459438835,0.000615536235002568,0.006425347979930377,7,3,10000,20260903
Attention U-Net,tolerance2_f1,filename_group_UNVERIFIED_biological_identity,8,0.0035867568459438835,0.00020539301174442304,0.006496318210640187,7,3,10000,20260903
U-Net + clDice,tolerance2_f1,complete_image,10,0.002346214179392292,-0.0006251302529448913,0.005588712529844581,8,2,10000,20260903
U-Net + clDice,tolerance2_f1,filename_group_UNVERIFIED_biological_identity,8,0.002346214179392292,-0.0003969806818726539,0.006231935050534099,8,2,10000,20260903
