source,trait,image,reference,prediction,both_angles_measured
Exp4_Ours,length,10-1-1(1),2873.92,3139.36,True
Exp4_Ours,length,10-1-2(1),3280.4800000000005,3307.36,True
Exp4_Ours,length,10-1-2(2),3167.36,3248.0000000000005,True
Exp4_Ours,length,10-1-2(3),2325.1200000000003,2345.28,True
Exp4_Ours,length,10-1-3,2782.0800000000004,3482.0800000000004,True
Exp4_Ours,length,10-2-2,3680.32,3804.6400000000003,True
Exp4_Ours,length,10-2-3,704.48,465.9200000000001,True
Exp4_Ours,length,10-9-1,2700.32,2957.92,True
Exp4_Ours,length,235-25-9(3),3047.5200000000004,3278.2400000000002,True
Exp4_Ours,length,7-1-6(2),4798.080000000001,4646.88,True
Exp4_Ours,count,10-1-1(1),34.0,42.0,True
Exp4_Ours,count,10-1-2(1),116.0,106.0,True
Exp4_Ours,count,10-1-2(2),183.0,173.0,True
Exp4_Ours,count,10-1-2(3),118.0,90.0,True
Exp4_Ours,count,10-1-3,172.0,187.0,True
Exp4_Ours,count,10-2-2,333.0,371.0,True
Exp4_Ours,count,10-2-3,27.0,65.0,True
Exp4_Ours,count,10-9-1,60.0,91.0,True
Exp4_Ours,count,235-25-9(3),164.0,132.0,True
Exp4_Ours,count,7-1-6(2),444.0,372.0,True
Exp4_Ours,junctions,10-1-1(1),27.0,32.0,True
Exp4_Ours,junctions,10-1-2(1),112.0,96.0,True
Exp4_Ours,junctions,10-1-2(2),166.0,161.0,True
Exp4_Ours,junctions,10-1-2(3),84.0,64.0,True
Exp4_Ours,junctions,10-1-3,121.0,126.0,True
Exp4_Ours,junctions,10-2-2,297.0,333.0,True
Exp4_Ours,junctions,10-2-3,19.0,45.0,True
Exp4_Ours,junctions,10-9-1,47.0,77.0,True
Exp4_Ours,junctions,235-25-9(3),149.0,116.0,True
Exp4_Ours,junctions,7-1-6(2),331.0,272.0,True
Exp4_Ours,angle,10-1-1(1),46.55369142421856,47.1941786855611,True
Exp4_Ours,angle,10-1-2(1),65.110959393832,62.64621708549029,True
Exp4_Ours,angle,10-1-2(2),65.79710280546873,66.24975261759026,True
Exp4_Ours,angle,10-1-2(3),49.42162273981469,48.56866027805633,True
Exp4_Ours,angle,10-1-3,51.22184939107334,50.22539479164899,True
Exp4_Ours,angle,10-2-2,59.606889619078366,59.325469647883054,True
Exp4_Ours,angle,10-2-3,44.13855109856486,46.72316215149152,True
Exp4_Ours,angle,10-9-1,46.95904801246714,53.54943377722513,True
Exp4_Ours,angle,235-25-9(3),63.81317638067746,68.31518985269949,True
Exp4_Ours,angle,7-1-6(2),45.54828278768004,45.693068290091155,True
Separate_supplied_run,length,10-1-1(1),2873.92,3123.6800000000003,True
Separate_supplied_run,length,10-1-2(1),3280.4800000000005,3271.5200000000004,True
Separate_supplied_run,length,10-1-2(2),3167.36,3240.1600000000003,True
Separate_supplied_run,length,10-1-2(3),2325.1200000000003,2353.1200000000003,True
Separate_supplied_run,length,10-1-3,2782.0800000000004,3386.88,True
Separate_supplied_run,length,10-2-2,3680.32,3800.1600000000003,True
Separate_supplied_run,length,10-2-3,704.48,467.04,True
Separate_supplied_run,length,10-9-1,2700.32,2758.5600000000004,True
Separate_supplied_run,length,235-25-9(3),3047.5200000000004,3282.7200000000003,True
Separate_supplied_run,length,7-1-6(2),4798.080000000001,4658.080000000001,True
Separate_supplied_run,count,10-1-1(1),34.0,38.0,True
Separate_supplied_run,count,10-1-2(1),116.0,106.0,True
Separate_supplied_run,count,10-1-2(2),183.0,179.0,True
Separate_supplied_run,count,10-1-2(3),118.0,100.0,True
Separate_supplied_run,count,10-1-3,172.0,176.0,True
Separate_supplied_run,count,10-2-2,333.0,385.0,True
Separate_supplied_run,count,10-2-3,27.0,69.0,True
Separate_supplied_run,count,10-9-1,60.0,89.0,True
Separate_supplied_run,count,235-25-9(3),164.0,114.0,True
Separate_supplied_run,count,7-1-6(2),444.0,397.0,True
Separate_supplied_run,junctions,10-1-1(1),27.0,29.0,True
Separate_supplied_run,junctions,10-1-2(1),112.0,98.0,True
Separate_supplied_run,junctions,10-1-2(2),166.0,157.0,True
Separate_supplied_run,junctions,10-1-2(3),84.0,75.0,True
Separate_supplied_run,junctions,10-1-3,121.0,124.0,True
Separate_supplied_run,junctions,10-2-2,297.0,335.0,True
Separate_supplied_run,junctions,10-2-3,19.0,51.0,True
Separate_supplied_run,junctions,10-9-1,47.0,80.0,True
Separate_supplied_run,junctions,235-25-9(3),149.0,100.0,True
Separate_supplied_run,junctions,7-1-6(2),331.0,292.0,True
Separate_supplied_run,angle,10-1-1(1),46.55369142421856,44.722058990264166,True
Separate_supplied_run,angle,10-1-2(1),65.110959393832,61.88942636941368,True
Separate_supplied_run,angle,10-1-2(2),65.79710280546873,64.95157164826854,True
Separate_supplied_run,angle,10-1-2(3),49.42162273981469,52.13131277767571,True
Separate_supplied_run,angle,10-1-3,51.22184939107334,49.36268565557328,True
Separate_supplied_run,angle,10-2-2,59.606889619078366,58.77899112862795,True
Separate_supplied_run,angle,10-2-3,44.13855109856486,49.09952731874186,True
Separate_supplied_run,angle,10-9-1,46.95904801246714,50.3621455737796,True
Separate_supplied_run,angle,235-25-9(3),63.81317638067746,67.22671182969903,True
Separate_supplied_run,angle,7-1-6(2),45.54828278768004,46.3076407510964,True
