image,filename_group,model,tp,fp,fn,precision,recall,dice,iou,skeleton_pred_pixels,skeleton_gt_pixels,skeleton_pred_in_gt,skeleton_gt_in_pred,topology_precision,topology_recall,cldice,tolerance2_pred_hits,tolerance2_gt_hits,tolerance2_precision,tolerance2_recall,tolerance2_f1
10-1-1(1),10-1-1,Base U-Net,97633,25633,30085,0.7920513361348628,0.7644419737233593,0.778001784974341,0.636663601802401,8761,8505,7713,7724,0.8803789521744093,0.9081716637272192,0.8940593691877201,109640,111269,0.8894585692729544,0.8712084436023113,0.8802389209525415
10-1-1(1),10-1-1,Attention U-Net,95879,25594,31839,0.7893029726770558,0.7507085923675598,0.7695221737542688,0.6253848361511167,8356,8505,7381,7572,0.88331737673528,0.890299823633157,0.8867948557965706,108120,109144,0.8900743375071003,0.8545702250270126,0.8719610208619091
10-1-1(1),10-1-1,U-Net + clDice,100961,29187,26757,0.7757399268525064,0.7904993814497565,0.7830501112981161,0.6434530448360473,8695,8505,7590,7879,0.8729154686601495,0.9263962375073486,0.8988610512084864,114385,113311,0.8788840397086394,0.8871967929344337,0.8830208527022175
10-1-1(1),10-1-1,Ours,100576,28289,27142,0.7804756916152563,0.7874849277314082,0.7839646430199975,0.6446890203644708,8683,8505,7514,7838,0.8653691120580445,0.9215755437977661,0.8925883713491272,113758,113034,0.8827687890427968,0.8850279522072065,0.8838969270715421
10-1-2(1),10-1-2,Base U-Net,116512,34144,40962,0.7733644859813084,0.7398808692228558,0.7562522312011164,0.6080430857226357,13126,14587,11557,12089,0.8804662501904617,0.8287516281620622,0.8538265924183055,135245,134758,0.8977073598130841,0.8557476154793807,0.8762254444887638
10-1-2(1),10-1-2,Attention U-Net,118353,34188,39121,0.7758766495565127,0.7515716880246898,0.7635307968969244,0.6175089480439524,13577,14587,11858,12386,0.8733888193268027,0.8491122232124494,0.8610794464475086,136930,136827,0.8976603011649327,0.8688862923403229,0.8830389571697141
10-1-2(1),10-1-2,U-Net + clDice,121637,37783,35837,0.7629971145402082,0.7724259242795636,0.7676825689347226,0.6229584598759583,13642,14587,11841,12566,0.8679812344231052,0.8614519777884417,0.8647042809139418,142396,138912,0.8932128967507214,0.8821265732755883,0.8876351200647828
10-1-2(1),10-1-2,Ours,122306,38524,35168,0.7604675744575017,0.7766742446372099,0.7684854730069368,0.6240165715976693,13819,14587,11945,12687,0.8643896085100224,0.8697470350311921,0.8670600461773786,143114,139642,0.8898464216874961,0.8867622591665926,0.8883016634001453
10-1-2(2),10-1-2,Base U-Net,128342,42841,35488,0.7497356630039198,0.7833852163828359,0.7661911627309985,0.6209966565217181,17208,18133,14877,16176,0.8645397489539749,0.8920752219709921,0.8780916720125186,153407,147759,0.8961579128768628,0.9019044131111518,0.899021980257551
10-1-2(2),10-1-2,Attention U-Net,129113,43274,34717,0.7489717902161996,0.7880913141671244,0.7680337401142714,0.6234210831273177,17201,18133,14764,16232,0.8583221905703157,0.8951635140351845,0.8763558280141921,154054,148571,0.8936520735322269,0.9068607703106879,0.9002079719281174
10-1-2(2),10-1-2,U-Net + clDice,131791,46812,32039,0.7378991394321484,0.8044375267045107,0.7697330572695973,0.6256634479353596,17564,18133,15027,16292,0.8555568207697564,0.8984723983896763,0.8764896049839166,158698,149691,0.8885517040587224,0.9136971250686687,0.9009489969999417
10-1-2(2),10-1-2,Ours,132327,46709,31503,0.7391083357537032,0.8077092107672588,0.7718875595713778,0.6285153819482376,17832,18133,15265,16521,0.856045311799013,0.91110130700932,0.8827156661909958,158916,150670,0.8876203668535937,0.9196728315937251,0.9033623729296635
10-1-2(3),10-1-2,Base U-Net,102371,38037,25212,0.7290966326705031,0.8023874654146712,0.763988342892112,0.6181077164593648,11489,12521,9880,10707,0.8599529985203238,0.8551233927002636,0.8575313955947095,121357,114948,0.8643168480428466,0.9009664296967465,0.8822611923283423
10-1-2(3),10-1-2,Attention U-Net,101953,37224,25630,0.7325420148444067,0.7991111668482478,0.764379967011546,0.6186205683011037,11338,12521,9740,10672,0.8590580349267949,0.8523280888107979,0.8556798292691814,120776,114537,0.8677870625175137,0.8977449973742583,0.8825118635443606
10-1-2(3),10-1-2,U-Net + clDice,105651,41133,21932,0.7197719097449313,0.8280962197157928,0.7701436397234361,0.6262061689466322,11924,12521,10086,11030,0.8458570949345857,0.8809200543087613,0.8630325903185995,126763,117423,0.8636022999781993,0.9203655659453062,0.8910808706295216
10-1-2(3),10-1-2,Ours,105431,41739,22152,0.7163892097574234,0.8263718520492542,0.767460227913799,0.6226656902233614,11786,12521,9981,10924,0.8468521975224843,0.8724542768149509,0.8594626177317873,126491,117173,0.8594890262961201,0.9184060572333305,0.8879713265294694
10-1-3,10-1-3,Base U-Net,120613,50355,26993,0.7054711992887558,0.8171280300258797,0.7572055472197983,0.6092765746788509,15734,16964,13451,14926,0.8549002160925384,0.8798632398019335,0.8672021205919511,148519,136406,0.8686947264985261,0.9241223256507188,0.8955517128420362
10-1-3,10-1-3,Attention U-Net,119349,46989,28257,0.7175089276052375,0.8085646924921751,0.7603203119027597,0.6133199722500579,15781,16964,13488,14836,0.8546986882960522,0.8745578872907334,0.8645142538812832,146291,135163,0.879480335221056,0.9157012587564192,0.8972253867967671
10-1-3,10-1-3,U-Net + clDice,123357,54019,24249,0.695454852967707,0.8357180602414536,0.7591620458979267,0.6118140111593304,16301,16964,13923,15106,0.8541193791791915,0.8904739448243338,0.8719178761767046,153386,138396,0.8647505863250947,0.9376041624324214,0.8997049551573797
10-1-3,10-1-3,Ours,124590,53994,23016,0.6976548850960892,0.8440713792122272,0.7639106042490573,0.6180059523809524,16518,16964,14026,15342,0.8491342777575978,0.9043857580759255,0.8758895613451276,154736,139478,0.8664606011736774,0.9449344877579502,0.9039977079935638
10-2-2,10-2-2,Base U-Net,210988,95226,49448,0.6890214033323101,0.8101337756684943,0.7446854319244683,0.5932261529204694,31560,32589,25607,28749,0.8113751584283904,0.8821688299733039,0.8452923326257324,262219,237542,0.8563259681138028,0.9120935661736472,0.8833304438459824
10-2-2,10-2-2,Attention U-Net,212839,94707,47597,0.6920558225436195,0.8172410880216253,0.7494568489846509,0.5993050686624825,32060,32589,26148,29147,0.8155957579538365,0.8943815397833624,0.853173654182207,264678,239124,0.8606127213490015,0.9181679952080357,0.8884592121518055
10-2-2,10-2-2,U-Net + clDice,215409,103649,45027,0.6751405700530938,0.8271091554163019,0.7434382409481375,0.5916448082178613,32492,32589,26074,29182,0.8024744552505232,0.895455521801835,0.8464191006350812,270808,240429,0.8487735772179353,0.9231788232041653,0.8844140418175878
10-2-2,10-2-2,Ours,215293,100628,45143,0.681477331358156,0.8266637484833126,0.7470821036267452,0.5962737907960916,32270,32589,26034,29010,0.806755500464828,0.8901776673110559,0.8464160441102202,269367,240544,0.8526403752836943,0.9236203904222151,0.886712189464254
10-2-3,10-2-3,Base U-Net,27765,24603,3994,0.5301901924839597,0.874240372807708,0.660073460363498,0.49261914055569356,4740,3149,2717,2946,0.5732067510548523,0.9355350905049222,0.7108638667722506,33903,30196,0.6473991750687442,0.950785604080733,0.7702961807416053
10-2-3,10-2-3,Attention U-Net,27264,23569,4495,0.5363445006196762,0.858465316918039,0.6602092212320806,0.4927703875072296,4759,3149,2780,2979,0.5841563353645723,0.9460146078120039,0.7222989417817522,33063,30073,0.6504239372061457,0.9469126861677005,0.7711520145663086
10-2-3,10-2-3,U-Net + clDice,28184,25601,3575,0.5240122710792972,0.8874334834220221,0.6589357523613579,0.4913528591352859,4868,3149,2722,2970,0.5591618734593262,0.9431565576373452,0.7020844273992817,34737,30508,0.6458492144649995,0.9606095909820839,0.7723932261937602
10-2-3,10-2-3,Ours,27813,25535,3946,0.5213503786458724,0.8757517554079158,0.6536007613944799,0.4854435019373756,4878,3149,2759,3002,0.5656006560065601,0.9533185138139092,0.7099753397148542,34146,30294,0.6400614830921496,0.9538713435561573,0.7660753284308476
10-9-1,10-9-1,Base U-Net,104126,52741,26444,0.6637852448252342,0.7974726200505476,0.7245135455769438,0.5680291962839109,13495,11848,10090,10918,0.7476843275287144,0.9215057393652937,0.8255445712461705,122839,119089,0.7830773840259583,0.9120701539404151,0.8426658968606913
10-9-1,10-9-1,Attention U-Net,104627,52469,25943,0.6660067729286551,0.8013096423374435,0.7274199940208436,0.5716104218226716,13573,11848,10149,10943,0.7477344728505121,0.9236158001350439,0.8264208701108693,123696,119561,0.7873911493609004,0.915685073140844,0.8467058757169054
10-9-1,10-9-1,U-Net + clDice,106104,57190,24466,0.6497728024299729,0.812621582293023,0.722129964881714,0.5651043885811674,13599,11848,10007,10908,0.7358629310978748,0.9206617150573937,0.8179544201339083,126628,119522,0.7754602128675885,0.9153863827831814,0.8396334961137424
10-9-1,10-9-1,Ours,106287,55519,24283,0.6568792257394658,0.814023129355901,0.7270569403781432,0.5711621858358098,13581,11848,10029,10913,0.7384581400485973,0.9210837272113437,0.8197223455995867,126958,119761,0.7846309778376575,0.9172168185647546,0.8457592162600618
235-25-9(3),235-25-9,Base U-Net,102637,35551,26532,0.7427345355602513,0.7945946782896826,0.7677898839379557,0.6230998057309374,12878,14838,11694,12513,0.9080602578040068,0.8433077234128589,0.8744869575591123,124612,115111,0.9017570266593337,0.8911658370042348,0.8964301495885311
235-25-9(3),235-25-9,Attention U-Net,102762,34227,26407,0.7501478220879049,0.7955624027436924,0.7721879485117862,0.6289138044994982,13126,14838,11804,12586,0.8992838640865458,0.8482275239250573,0.8730098476872686,124053,115975,0.9055690602895123,0.897854748430351,0.9016954050192961
235-25-9(3),235-25-9,U-Net + clDice,103563,39223,25606,0.7253022004958469,0.8017635810449876,0.7616186501443254,0.6150114019668392,13296,14838,11981,12489,0.9010980746089049,0.8416902547513142,0.8703816237418972,126993,115999,0.8893939181712492,0.8980405515255209,0.8936963209996173
235-25-9(3),235-25-9,Ours,106188,38873,22981,0.7320230799456781,0.8220857945791947,0.7744448091018488,0.6319134502088763,13709,14838,12226,12948,0.8918228900722154,0.8726243429033562,0.882119168985331,129926,118643,0.8956645824859887,0.9185098591767374,0.9069433794633305
7-1-6(2),7-1-6,Base U-Net,281957,97483,123132,0.7430871811090027,0.696037167141048,0.7187930592750554,0.5610280715996911,30537,32270,25386,26640,0.8313193830435209,0.8255345522156802,0.8284168688915662,321359,330614,0.8469296858528358,0.8161515123836984,0.8312557976416162
7-1-6(2),7-1-6,Attention U-Net,278811,92141,126278,0.7516093726412042,0.6882709725517109,0.7185470870740077,0.560728435532852,30705,32270,25286,26543,0.8235140856538024,0.8225286643941742,0.8230210800574513,316874,328416,0.8542183355258901,0.8107255442631125,0.8319038658246212
7-1-6(2),7-1-6,U-Net + clDice,286818,102942,118271,0.7358836206896552,0.7080369992767022,0.7216917930323873,0.5645679102259508,31581,32270,25761,27025,0.8157119787213831,0.8374651378989774,0.8264454399687007,328081,335350,0.8417513341543514,0.8278427703541691,0.83473911956677
7-1-6(2),7-1-6,Ours,287247,99699,117842,0.7423438929463025,0.7090960258116118,0.7253391579917554,0.5690448267391459,31400,32270,25669,27038,0.817484076433121,0.8378679888441277,0.8275505294620208,327733,335675,0.8469734795036,0.8286450631836461,0.8377090304963659
