image,model,width_bin_px,gt_skeleton_pixels,covered_skeleton_pixels,exact_centerline_recall
10-1-1(1),Base U-Net,<=3,280,135,0.48214285714285715
10-1-1(1),Base U-Net,"(3,6]",622,452,0.7266881028938906
10-1-1(1),Base U-Net,"(6,12]",2606,2439,0.9359171143514965
10-1-1(1),Base U-Net,>12,4997,4698,0.9401640984590754
10-1-1(1),Attention U-Net,<=3,280,114,0.40714285714285714
10-1-1(1),Attention U-Net,"(3,6]",622,409,0.657556270096463
10-1-1(1),Attention U-Net,"(6,12]",2606,2417,0.9274750575594781
10-1-1(1),Attention U-Net,>12,4997,4632,0.9269561737042226
10-1-1(1),U-Net + clDice,<=3,280,134,0.4785714285714286
10-1-1(1),U-Net + clDice,"(3,6]",622,475,0.7636655948553055
10-1-1(1),U-Net + clDice,"(6,12]",2606,2489,0.9551036070606294
10-1-1(1),U-Net + clDice,>12,4997,4781,0.9567740644386632
10-1-1(1),Ours,<=3,280,135,0.48214285714285715
10-1-1(1),Ours,"(3,6]",622,466,0.7491961414790996
10-1-1(1),Ours,"(6,12]",2606,2494,0.9570222563315426
10-1-1(1),Ours,>12,4997,4743,0.9491695017010207
10-1-2(1),Base U-Net,<=3,1091,502,0.46012832263978004
10-1-2(1),Base U-Net,"(3,6]",3540,2567,0.7251412429378531
10-1-2(1),Base U-Net,"(6,12]",5558,4829,0.868837711406981
10-1-2(1),Base U-Net,>12,4398,4191,0.9529331514324693
10-1-2(1),Attention U-Net,<=3,1091,540,0.49495875343721357
10-1-2(1),Attention U-Net,"(3,6]",3540,2721,0.7686440677966102
10-1-2(1),Attention U-Net,"(6,12]",5558,4926,0.8862900323857502
10-1-2(1),Attention U-Net,>12,4398,4199,0.9547521600727603
10-1-2(1),U-Net + clDice,<=3,1091,543,0.4977085242896425
10-1-2(1),U-Net + clDice,"(3,6]",3540,2777,0.7844632768361582
10-1-2(1),U-Net + clDice,"(6,12]",5558,4973,0.894746311622886
10-1-2(1),U-Net + clDice,>12,4398,4273,0.9715779899954525
10-1-2(1),Ours,<=3,1091,545,0.4995417048579285
10-1-2(1),Ours,"(3,6]",3540,2835,0.8008474576271186
10-1-2(1),Ours,"(6,12]",5558,5034,0.905721482547679
10-1-2(1),Ours,>12,4398,4273,0.9715779899954525
10-1-2(2),Base U-Net,<=3,1566,944,0.6028097062579821
10-1-2(2),Base U-Net,"(3,6]",5194,4401,0.8473238351944551
10-1-2(2),Base U-Net,"(6,12]",7682,7246,0.9432439468888311
10-1-2(2),Base U-Net,>12,3691,3585,0.9712814955296668
10-1-2(2),Attention U-Net,<=3,1566,919,0.586845466155811
10-1-2(2),Attention U-Net,"(3,6]",5194,4464,0.8594532152483635
10-1-2(2),Attention U-Net,"(6,12]",7682,7225,0.9405102837802656
10-1-2(2),Attention U-Net,>12,3691,3624,0.9818477377404498
10-1-2(2),U-Net + clDice,<=3,1566,965,0.6162196679438059
10-1-2(2),U-Net + clDice,"(3,6]",5194,4469,0.8604158644589911
10-1-2(2),U-Net + clDice,"(6,12]",7682,7218,0.9395990627440771
10-1-2(2),U-Net + clDice,>12,3691,3640,0.9861826063397453
10-1-2(2),Ours,<=3,1566,954,0.6091954022988506
10-1-2(2),Ours,"(3,6]",5194,4580,0.881786676934925
10-1-2(2),Ours,"(6,12]",7682,7344,0.9560010413954699
10-1-2(2),Ours,>12,3691,3643,0.9869953942021132
10-1-2(3),Base U-Net,<=3,1325,630,0.47547169811320755
10-1-2(3),Base U-Net,"(3,6]",2748,2004,0.7292576419213974
10-1-2(3),Base U-Net,"(6,12]",5292,4935,0.9325396825396826
10-1-2(3),Base U-Net,>12,3156,3138,0.9942965779467681
10-1-2(3),Attention U-Net,<=3,1325,636,0.48
10-1-2(3),Attention U-Net,"(3,6]",2748,2069,0.7529112081513828
10-1-2(3),Attention U-Net,"(6,12]",5292,4854,0.9172335600907029
10-1-2(3),Attention U-Net,>12,3156,3113,0.9863751584283904
10-1-2(3),U-Net + clDice,<=3,1325,735,0.5547169811320755
10-1-2(3),U-Net + clDice,"(3,6]",2748,2155,0.7842066957787481
10-1-2(3),U-Net + clDice,"(6,12]",5292,5012,0.9470899470899471
10-1-2(3),U-Net + clDice,>12,3156,3128,0.991128010139417
10-1-2(3),Ours,<=3,1325,698,0.5267924528301887
10-1-2(3),Ours,"(3,6]",2748,2111,0.7681950509461426
10-1-2(3),Ours,"(6,12]",5292,4985,0.9419879062736206
10-1-2(3),Ours,>12,3156,3130,0.9917617237008872
10-1-3,Base U-Net,<=3,1816,1057,0.5820484581497798
10-1-3,Base U-Net,"(3,6]",4953,4052,0.8180900464365032
10-1-3,Base U-Net,"(6,12]",6458,6183,0.9574171570145555
10-1-3,Base U-Net,>12,3737,3634,0.9724377843189724
10-1-3,Attention U-Net,<=3,1816,1038,0.5715859030837004
10-1-3,Attention U-Net,"(3,6]",4953,4030,0.8136482939632546
10-1-3,Attention U-Net,"(6,12]",6458,6141,0.950913595540415
10-1-3,Attention U-Net,>12,3737,3627,0.9705646240299706
10-1-3,U-Net + clDice,<=3,1816,1133,0.623898678414097
10-1-3,U-Net + clDice,"(3,6]",4953,4128,0.8334342822531798
10-1-3,U-Net + clDice,"(6,12]",6458,6200,0.9600495509445649
10-1-3,U-Net + clDice,>12,3737,3645,0.9753813219159754
10-1-3,Ours,<=3,1816,1117,0.6150881057268722
10-1-3,Ours,"(3,6]",4953,4265,0.8610942862911367
10-1-3,Ours,"(6,12]",6458,6322,0.9789408485599257
10-1-3,Ours,>12,3737,3638,0.9735081616269735
10-2-2,Base U-Net,<=3,3805,2547,0.6693823915900131
10-2-2,Base U-Net,"(3,6]",11092,9661,0.8709880995311936
10-2-2,Base U-Net,"(6,12]",13300,12329,0.9269924812030075
10-2-2,Base U-Net,>12,4392,4212,0.9590163934426229
10-2-2,Attention U-Net,<=3,3805,2608,0.6854139290407358
10-2-2,Attention U-Net,"(3,6]",11092,9941,0.8962315182113235
10-2-2,Attention U-Net,"(6,12]",13300,12367,0.9298496240601504
10-2-2,Attention U-Net,>12,4392,4231,0.9633424408014571
10-2-2,U-Net + clDice,<=3,3805,2698,0.7090670170827859
10-2-2,U-Net + clDice,"(3,6]",11092,9896,0.8921745402091598
10-2-2,U-Net + clDice,"(6,12]",13300,12349,0.9284962406015037
10-2-2,U-Net + clDice,>12,4392,4239,0.9651639344262295
10-2-2,Ours,<=3,3805,2604,0.6843626806833114
10-2-2,Ours,"(3,6]",11092,9789,0.8825279480706816
10-2-2,Ours,"(6,12]",13300,12379,0.9307518796992481
10-2-2,Ours,>12,4392,4238,0.964936247723133
10-2-3,Base U-Net,<=3,320,217,0.678125
10-2-3,Base U-Net,"(3,6]",728,666,0.9148351648351648
10-2-3,Base U-Net,"(6,12]",1357,1319,0.971997052321297
10-2-3,Base U-Net,>12,744,744,1.0
10-2-3,Attention U-Net,<=3,320,216,0.675
10-2-3,Attention U-Net,"(3,6]",728,686,0.9423076923076923
10-2-3,Attention U-Net,"(6,12]",1357,1333,0.9823139277818718
10-2-3,Attention U-Net,>12,744,744,1.0
10-2-3,U-Net + clDice,<=3,320,226,0.70625
10-2-3,U-Net + clDice,"(3,6]",728,677,0.929945054945055
10-2-3,U-Net + clDice,"(6,12]",1357,1323,0.9749447310243183
10-2-3,U-Net + clDice,>12,744,744,1.0
10-2-3,Ours,<=3,320,240,0.75
10-2-3,Ours,"(3,6]",728,689,0.9464285714285714
10-2-3,Ours,"(6,12]",1357,1331,0.9808400884303611
10-2-3,Ours,>12,744,742,0.9973118279569892
10-9-1,Base U-Net,<=3,785,468,0.5961783439490446
10-9-1,Base U-Net,"(3,6]",1475,1217,0.8250847457627118
10-9-1,Base U-Net,"(6,12]",6033,5747,0.9525940659704956
10-9-1,Base U-Net,>12,3555,3486,0.980590717299578
10-9-1,Attention U-Net,<=3,785,457,0.5821656050955414
10-9-1,Attention U-Net,"(3,6]",1475,1239,0.84
10-9-1,Attention U-Net,"(6,12]",6033,5752,0.9534228410409414
10-9-1,Attention U-Net,>12,3555,3495,0.9831223628691983
10-9-1,U-Net + clDice,<=3,785,474,0.6038216560509554
10-9-1,U-Net + clDice,"(3,6]",1475,1233,0.8359322033898305
10-9-1,U-Net + clDice,"(6,12]",6033,5702,0.9451350903364827
10-9-1,U-Net + clDice,>12,3555,3499,0.9842475386779185
10-9-1,Ours,<=3,785,473,0.6025477707006369
10-9-1,Ours,"(3,6]",1475,1230,0.8338983050847457
10-9-1,Ours,"(6,12]",6033,5713,0.9469583954914637
10-9-1,Ours,>12,3555,3497,0.9836849507735583
235-25-9(3),Base U-Net,<=3,1348,667,0.4948071216617211
235-25-9(3),Base U-Net,"(3,6]",4843,3840,0.792896964691307
235-25-9(3),Base U-Net,"(6,12]",6162,5524,0.8964621876014282
235-25-9(3),Base U-Net,>12,2485,2482,0.9987927565392354
235-25-9(3),Attention U-Net,<=3,1348,643,0.47700296735905046
235-25-9(3),Attention U-Net,"(3,6]",4843,3807,0.7860830064009912
235-25-9(3),Attention U-Net,"(6,12]",6162,5656,0.9178838039597533
235-25-9(3),Attention U-Net,>12,2485,2480,0.9979879275653923
235-25-9(3),U-Net + clDice,<=3,1348,642,0.4762611275964392
235-25-9(3),U-Net + clDice,"(3,6]",4843,3926,0.8106545529630395
235-25-9(3),U-Net + clDice,"(6,12]",6162,5538,0.8987341772151899
235-25-9(3),U-Net + clDice,>12,2485,2383,0.958953722334004
235-25-9(3),Ours,<=3,1348,715,0.5304154302670623
235-25-9(3),Ours,"(3,6]",4843,4021,0.8302704934957671
235-25-9(3),Ours,"(6,12]",6162,5738,0.9311911716975008
235-25-9(3),Ours,>12,2485,2474,0.9955734406438632
7-1-6(2),Base U-Net,<=3,2640,1508,0.5712121212121212
7-1-6(2),Base U-Net,"(3,6]",5400,3747,0.6938888888888889
7-1-6(2),Base U-Net,"(6,12]",10155,8242,0.8116198916789759
7-1-6(2),Base U-Net,>12,14075,13143,0.9337833037300177
7-1-6(2),Attention U-Net,<=3,2640,1486,0.5628787878787879
7-1-6(2),Attention U-Net,"(3,6]",5400,3764,0.697037037037037
7-1-6(2),Attention U-Net,"(6,12]",10155,8284,0.8157557853274249
7-1-6(2),Attention U-Net,>12,14075,13009,0.9242628774422735
7-1-6(2),U-Net + clDice,<=3,2640,1573,0.5958333333333333
7-1-6(2),U-Net + clDice,"(3,6]",5400,3863,0.7153703703703703
7-1-6(2),U-Net + clDice,"(6,12]",10155,8448,0.8319054652880354
7-1-6(2),U-Net + clDice,>12,14075,13141,0.9336412078152753
7-1-6(2),Ours,<=3,2640,1551,0.5875
7-1-6(2),Ours,"(3,6]",5400,3852,0.7133333333333334
7-1-6(2),Ours,"(6,12]",10155,8476,0.8346627277203348
7-1-6(2),Ours,>12,14075,13159,0.9349200710479574
