model,width_bin_px,n_images_with_bin,gt_skeleton_pixels,covered_skeleton_pixels,macro_recall,ci95_low,ci95_high,micro_recall
Base U-Net,<=3,10,14976,8675,0.5612306020716507,0.5147826059837827,0.6076880252509069,0.5792601495726496
Base U-Net,"(3,6]",10,40595,32607,0.7944194733093366,0.7518136095761727,0.8375771552525404,0.8032269983988176
Base U-Net,"(6,12]",10,64603,58793,0.919762129097675,0.8884116989438315,0.9452782963222958,0.9100660960017337
Base U-Net,>12,10,45230,43313,0.9703296278698404,0.9563078813476704,0.9839545553084081,0.9576166261330975
Attention U-Net,<=3,10,14976,8657,0.5522994269193697,0.5011091603626785,0.6031726366601555,0.5780582264957265
Attention U-Net,"(3,6]",10,40595,33130,0.8013872309213118,0.7490431433320764,0.8515442859019687,0.8161103584185244
Attention U-Net,"(6,12]",10,64603,58955,0.9221648511526753,0.8933357207568294,0.9454188043862177,0.9125737194867112
Attention U-Net,>12,10,45230,43154,0.9689211462654116,0.9523087146593885,0.9840334139368748,0.954101260225514
U-Net + clDice,<=3,10,14976,9123,0.5862348414414563,0.5357481580821654,0.6354707373966432,0.6091746794871795
U-Net + clDice,"(3,6]",10,40595,33599,0.8210262436059838,0.7839515028466966,0.8581389125709736,0.8276635053578026
U-Net + clDice,"(6,12]",10,64603,59252,0.9275804183927633,0.9001944275860166,0.9500235655755108,0.9171710292091698
U-Net + clDice,>12,10,45230,43473,0.9723050396082682,0.9604460075537107,0.9835660615685318,0.9611541012602255
Ours,<=3,10,14976,9032,0.5887586404507708,0.5413534897514468,0.6404042387669241,0.6030982905982906
Ours,"(3,6]",10,40595,33838,0.8267578264691522,0.7855877180233348,0.8682632600664445,0.8335509299174775
Ours,"(6,12]",10,64603,59816,0.9364077798147147,0.908918946302848,0.9577702225055174,0.925901273934647
Ours,>12,10,45230,43537,0.9749439309371948,0.9622824896017456,0.9862362911399606,0.9625690913110767
