epoch,loss,bce,dice_loss,cldice_loss,learning_rate,seconds,weight_bce,weight_dice,weight_cldice
1,0.7353332698175371,0.5652977740153288,0.7778421282088994,0.0,0.0009990232305719944,43.87128859999939,0.2,0.8,0.0
2,0.7535540232291589,0.5377887525619605,0.8074953258886636,0.0,0.0009960967771506664,43.7759767000025,0.2,0.8,0.0
3,0.7103391581790739,0.4687758239246162,0.7707299754830168,0.0,0.0009912321891107007,43.71627480000461,0.2,0.8,0.0
4,0.7062540577347801,0.44536945172864145,0.771475193846939,0.0,0.0009844486647586721,43.722675199998775,0.2,0.8,0.0
5,0.723866739504018,0.47890678226438343,0.7851067134457775,0.0,0.0009757729755661009,43.58899229999952,0.2,0.8,0.0
6,1.0764906691689777,2.111336920251194,0.8177790854051922,0.0,0.0009652393605146842,43.64156499999808,0.2,0.8,0.0
7,1.341731044641587,3.3506997562201954,0.8394888411899577,0.0,0.0009528893909706795,43.865387899997586,0.2,0.8,0.0
8,1.3506299464451281,3.391955503371366,0.840298525967829,0.0,0.0009387718066217122,43.72444579999865,0.2,0.8,0.0
9,1.32755113395191,3.285261116815768,0.838123604103371,0.0,0.0009229423231234972,43.955479000003834,0.2,0.8,0.0
10,1.3034973793219977,3.1700327396392822,0.8368635119875611,0.0,0.0009054634122155987,43.85150009999779,0.2,0.8,0.0
11,1.2679997706345343,3.0056270092640847,0.833592928033269,0.0,0.0008864040551740153,43.69862049999938,0.2,0.8,0.0
12,1.2474364263040048,2.9073724169337174,0.8324524047028306,0.0,0.0008658394705735984,43.7318127000035,0.2,0.8,0.0
13,1.2378605424169122,2.8616481418283577,0.8319136133560767,0.0,0.0008438508174347006,43.76250860000437,0.2,0.8,0.0
14,1.3150840107871595,3.22423540968501,0.8377961334679541,0.0,0.000820524874925601,43.79224339999928,0.2,0.8,0.0
15,1.2656499734970919,2.9874026184408073,0.835211786449465,0.0,0.000795953699884774,43.680359099998896,0.2,0.8,0.0
16,1.2269328428469493,2.8026464440544108,0.8330044158843168,0.0,0.000770234263514603,43.867737799999304,0.2,0.8,0.0
17,1.1841559744628407,2.5998546937931635,0.8302312666534358,0.0,0.0007434680686803488,43.838303900003666,0.2,0.8,0.0
18,1.1337500071933126,2.3628124097133973,0.8264843813034883,0.0,0.0007157607493247108,43.79061180000281,0.2,0.8,0.0
19,1.1253354702240381,2.3181485705226237,0.8271321698471352,0.0,0.0006872216535789154,43.79795710000326,0.2,0.8,0.0
20,1.271808929253168,3.010666322843981,0.8370945533456287,0.0,0.0006579634122155987,43.74093630000425,0.2,0.8,0.0
21,1.2457419368955824,2.8882469838840668,0.8351156441574423,0.0,0.0006281014941466028,43.69545430000289,0.2,0.8,0.0
22,1.2135673496458266,2.732631900032022,0.8338011875111833,0.0,0.0005977537507199335,43.83510119999846,0.2,0.8,0.0
23,1.181741684420496,2.576790828310866,0.8329793695371035,0.0,0.0005670399506143305,43.83851389999472,0.2,0.8,0.0
24,1.1388957643101358,2.3736691692276217,0.8302023932125494,0.0,0.0005360813071670099,43.71344830000453,0.2,0.8,0.0
25,1.1289488617171588,2.328148801442225,0.8291488505496598,0.0,0.0005049999999999998,43.778272800002014,0.2,0.8,0.0
26,1.2485806598962201,2.8944698018565815,0.8371083422264143,0.0,0.0004739186928329897,43.677081299996644,0.2,0.8,0.0
27,1.2279701538575,2.79202447453795,0.8369565412529514,0.0,0.0004429600493856692,44.056665500000236,0.2,0.8,0.0
28,1.1900714241880976,2.612673829423736,0.834420795454259,0.0,0.0004122462492800661,43.84632160000183,0.2,0.8,0.0
29,1.16931458857664,2.51214110545623,0.8336079326110688,0.0,0.0003818985058533967,43.754303199995775,0.2,0.8,0.0
30,1.1399669490988098,2.3735726029105337,0.8315655145889673,0.0,0.00035203658778440103,43.73011350000161,0.2,0.8,0.0
31,1.139574999992664,2.369655593847617,0.8320548288163296,0.0,0.00032277834642108444,43.5954475000035,0.2,0.8,0.0
32,1.2113151896713126,2.7098539840122235,0.8366804639158765,0.0,0.0002942392506752889,43.945353500006604,0.2,0.8,0.0
33,1.1910760178525224,2.611634336645447,0.8359364067387377,0.0,0.00026653193131965077,43.084910900004616,0.2,0.8,0.0
34,1.1712226840505573,2.517991796857611,0.834530377320075,0.0,0.00023976573648539642,43.63451570000325,0.2,0.8,0.0
35,1.1548416893027107,2.4395612203157864,0.8336617770018401,0.0,0.00021404630011522574,43.105787099993904,0.2,0.8,0.0
36,1.1443832399498703,2.388409962681284,0.8333765353232707,0.0,0.00018947512507439847,43.019471100000374,0.2,0.8,0.0
37,1.141262799416512,2.375036932464339,0.8328192453099112,0.0,0.000166149182565299,42.965951199999836,0.2,0.8,0.0
38,1.1794226298644672,2.554064276890877,0.8357621957773497,0.0,0.00014416052942640132,43.730115999998816,0.2,0.8,0.0
39,1.1701015227200977,2.5116316586138514,0.8347189582650818,0.0,0.00012359594482598432,43.8249461000014,0.2,0.8,0.0
40,1.1636263570214949,2.477906036241102,0.8350564125935915,0.0,0.00010453658778440102,43.87450979999994,0.2,0.8,0.0
41,1.1575394851869327,2.449270570719684,0.8346066870580712,0.0,8.70576768765026e-05,43.73400910000055,0.2,0.8,0.0
42,1.1506237533697037,2.414457072559585,0.8346653947463403,0.0,7.12281933782875e-05,44.14620239999931,0.2,0.8,0.0
43,1.1479892270517484,2.4032730370165614,0.8341682463290006,0.0,5.71106090293204e-05,43.994596399999864,0.2,0.8,0.0
44,1.1584544185220007,2.453292075725023,0.8347449762868745,0.0,4.4760639485315563e-05,43.795155399995565,0.2,0.8,0.0
45,1.1578315160213373,2.449307011063622,0.8349626186566476,0.0,3.422702443389899e-05,43.75169209999876,0.2,0.8,0.0
46,1.1570138527117564,2.4451277242426857,0.8349853608003709,0.0,2.5551335241327665e-05,43.654438700003084,0.2,0.8,0.0
47,1.15748523748838,2.448256724920028,0.8347923409225594,0.0,1.876781088929908e-05,43.49754669999675,0.2,0.8,0.0
48,1.1533953861633257,2.4262942483282495,0.835170641074493,0.0,1.3903222849333505e-05,43.84057739999844,0.2,0.8,0.0
49,1.1515166897040148,2.4180279939602585,0.8348888379556162,0.0,1.0976769428005579e-05,43.797847099995124,0.2,0.8,0.0
50,1.1573845642244713,2.4463657103372776,0.8351392525213736,0.0,1e-05,43.86374039999646,0.2,0.8,0.0
