sample_name,fold,trait,reference_value,estimate_mean,estimate_min,estimate_max,difference_mean,difference_min,difference_max,n_seeds,average_reference_estimate
10-1-1,3,dominant_path_length,3519.0348468227903,2578.099758157391,2555.748483534339,2609.417531092646,-940.9350886653992,-963.2863632884514,-909.617315730144,3,3048.5673024900907
10-1-1,3,junction_region_count,121.0,159.33333333333334,153.0,163.0,38.333333333333336,32.0,42.0,3,140.16666666666669
10-1-1,3,mean_local_acute_angle_deg,64.6739875375559,57.273690866213855,53.15588150255876,65.33633743581366,-7.400296671342055,-11.518106034997146,0.6623498982577587,3,60.97383920188488
10-1-1,3,retained_segment_count,134.0,151.66666666666666,143.0,156.0,17.666666666666668,9.0,22.0,3,142.83333333333331
10-1-1(1),3,dominant_path_length,2848.079435976053,1117.5107738353238,1088.0803025278574,1146.957502887884,-1730.5686621407294,-1759.999133448196,-1701.1219330881695,3,1982.7951049056883
10-1-1(1),3,junction_region_count,28.0,87.66666666666667,61.0,113.0,59.666666666666664,33.0,85.0,3,57.833333333333336
10-1-1(1),3,mean_local_acute_angle_deg,45.23478785039287,48.86444292192189,47.34041215248181,50.77821392403446,3.6296550715290223,2.105624302088934,5.543426073641591,3,47.049615386157384
10-1-1(1),3,retained_segment_count,35.0,89.33333333333333,70.0,102.0,54.333333333333336,35.0,67.0,3,62.166666666666664
10-1-1(2),1,dominant_path_length,1262.4823227814104,630.9283544869521,492.2396820942911,759.5777772109162,-631.5539682944583,-770.2426406871193,-502.9045455704942,3,946.7053386341813
10-1-1(2),1,junction_region_count,23.0,56.0,35.0,78.0,33.0,12.0,55.0,3,39.5
10-1-1(2),1,mean_local_acute_angle_deg,46.29442229680335,48.104603688877795,43.52660220674282,54.75497325293418,1.8101813920744405,-2.7678200900605248,8.460550956130831,3,47.19951299284057
10-1-1(2),1,retained_segment_count,25.0,47.666666666666664,41.0,53.0,22.666666666666668,16.0,28.0,3,36.33333333333333
10-1-1(3),2,dominant_path_length,2611.2834046956677,2146.59723284049,1684.2144289248786,2457.424673767612,-464.6861718551774,-927.0689757707888,-153.8587309280556,3,2378.940318768079
10-1-1(3),2,junction_region_count,23.0,136.66666666666666,111.0,155.0,113.66666666666667,88.0,132.0,3,79.83333333333333
10-1-1(3),2,mean_local_acute_angle_deg,44.40311377914512,56.62174341183893,55.85724281961157,57.40869979709784,12.218629632693814,11.454129040466457,13.005586017952725,3,50.512428595492025
10-1-1(3),2,retained_segment_count,36.0,115.0,103.0,122.0,79.0,67.0,86.0,3,75.5
10-1-2,2,dominant_path_length,3713.5222202381024,3384.978353211414,3317.047040131641,3440.657213186893,-328.543867026689,-396.47518010646127,-272.86500705120943,3,3549.250286724758
10-1-2,2,junction_region_count,124.0,352.6666666666667,279.0,402.0,228.66666666666666,155.0,278.0,3,238.33333333333334
10-1-2,2,mean_local_acute_angle_deg,58.66827912377103,54.486610383454234,52.73525963795463,56.28100956751605,-4.181668740316797,-5.933019485816402,-2.387269556254978,3,56.57744475361263
10-1-2,2,retained_segment_count,171.0,374.3333333333333,306.0,418.0,203.33333333333334,135.0,247.0,3,272.66666666666663
10-1-2(1),4,dominant_path_length,3355.4095218658804,1201.5808554495804,471.1614716074884,1812.8590898655505,-2153.8286664163,-2884.248050258392,-1542.55043200033,3,2278.4951886577305
10-1-2(1),4,junction_region_count,111.0,184.0,92.0,257.0,73.0,-19.0,146.0,3,147.5
10-1-2(1),4,mean_local_acute_angle_deg,64.3632990483418,49.69351339126805,48.15185911616971,51.10343361538312,-14.66978565707376,-16.21143993217209,-13.259865432958684,3,57.02840621980492
10-1-2(1),4,retained_segment_count,118.0,170.0,113.0,221.0,52.0,-5.0,103.0,3,144.0
10-1-2(2),1,dominant_path_length,3058.3027406794067,1296.017074737948,848.8254685319182,1930.623591853369,-1762.2856659414585,-2209.4772721474883,-1127.6791488260376,3,2177.1599077086776
10-1-2(2),1,junction_region_count,175.0,318.6666666666667,206.0,410.0,143.66666666666666,31.0,235.0,3,246.83333333333334
10-1-2(2),1,mean_local_acute_angle_deg,65.94127676600104,47.329217497639114,45.1228117320754,50.18603774455012,-18.61205926836193,-20.81846503392564,-15.75523902145092,3,56.63524713182008
10-1-2(2),1,retained_segment_count,191.0,316.0,261.0,357.0,125.0,70.0,166.0,3,253.5
10-1-2(3),0,dominant_path_length,2345.481456229622,783.3980754631157,699.7909806465128,938.009234715992,-1562.0833807665065,-1645.6904755831092,-1407.47222151363,3,1564.4397658463688
10-1-2(3),0,junction_region_count,84.0,141.66666666666666,102.0,206.0,57.666666666666664,18.0,122.0,3,112.83333333333333
10-1-2(3),0,mean_local_acute_angle_deg,50.491311152922826,50.15195191193425,49.18421112740896,50.72915087497068,-0.33935924098857373,-1.3071000255138685,0.2378397220478518,3,50.32163153242854
10-1-2(3),0,retained_segment_count,115.0,167.0,138.0,218.0,52.0,23.0,103.0,3,141.0
10-1-3,0,dominant_path_length,2813.802307403484,855.4167140998549,552.3696244092022,1079.3250352560317,-1958.3855933036286,-2261.432682994281,-1734.477272147452,3,1834.6095107516694
10-1-3,0,junction_region_count,123.0,172.66666666666666,127.0,249.0,49.666666666666664,4.0,126.0,3,147.83333333333331
10-1-3,0,mean_local_acute_angle_deg,50.036178890454096,45.918540373669885,44.64616136002479,48.186477469752816,-4.117638516784214,-5.390017530429304,-1.84970142070128,3,47.97735963206199
10-1-3,0,retained_segment_count,172.0,203.33333333333334,159.0,252.0,31.333333333333332,-13.0,80.0,3,187.66666666666669
10-1-9(1),3,dominant_path_length,3092.5058428472184,1255.5734239240521,733.8448045156757,1524.1656556895982,-1836.9324189231663,-2358.661038331543,-1568.3401871576202,3,2174.039633385635
10-1-9(1),3,junction_region_count,91.0,289.3333333333333,193.0,346.0,198.33333333333334,102.0,255.0,3,190.16666666666666
10-1-9(1),3,mean_local_acute_angle_deg,62.85401304883498,52.382228122598384,49.982033050278375,54.19165094485449,-10.47178492623659,-12.871979998556604,-8.662362103980492,3,57.61812058571668
10-1-9(1),3,retained_segment_count,106.0,262.6666666666667,213.0,292.0,156.66666666666666,107.0,186.0,3,184.33333333333334
10-1-9(2),3,dominant_path_length,3383.6256838943486,1643.0613750405273,1138.3401871576796,2069.886435076018,-1740.5643088538216,-2245.2854967366693,-1313.7392488183305,3,2513.343529467438
10-1-9(2),3,junction_region_count,68.0,148.33333333333334,110.0,169.0,80.33333333333333,42.0,101.0,3,108.16666666666667
10-1-9(2),3,mean_local_acute_angle_deg,74.17544013119233,63.307193235329834,61.925200099617626,64.205946276557,-10.868246895862498,-12.250240031574704,-9.969493854635331,3,68.74131668326109
10-1-9(2),3,retained_segment_count,71.0,148.0,125.0,162.0,77.0,54.0,91.0,3,109.5
10-1-9(3),4,dominant_path_length,3197.890619158038,625.2619766708767,349.308657865102,765.2152954766515,-2572.6286424871614,-2848.5819612929363,-2432.6753236813865,3,1911.5762979144574
10-1-9(3),4,junction_region_count,28.0,134.33333333333334,96.0,175.0,106.33333333333333,68.0,147.0,3,81.16666666666667
10-1-9(3),4,mean_local_acute_angle_deg,72.9003576118845,51.312330904880845,48.07249760725995,53.86281240271229,-21.588026707003653,-24.827860004624554,-19.03754520917221,3,62.10634425838268
10-1-9(3),4,retained_segment_count,41.0,165.0,119.0,200.0,124.0,78.0,159.0,3,103.0
10-2-1,0,dominant_path_length,3683.691701072309,1948.955241642075,1921.1799410394733,1966.8784258493083,-1734.7364594302342,-1762.5117600328358,-1716.8132752230006,3,2816.323471357192
10-2-1,0,junction_region_count,188.0,238.0,190.0,305.0,50.0,2.0,117.0,3,213.0
10-2-1,0,mean_local_acute_angle_deg,56.550116513732696,46.647455442892856,44.82578912745004,48.6666570745012,-9.902661070839846,-11.72432738628266,-7.883459439231501,3,51.598785978312776
10-2-1,0,retained_segment_count,226.0,281.6666666666667,245.0,328.0,55.666666666666664,19.0,102.0,3,253.83333333333334
10-2-2,3,dominant_path_length,3768.215654414004,4355.909785937044,3438.326260745187,4840.408655314163,587.6941315230397,-329.8893936688173,1072.193000900159,3,4062.062720175524
10-2-2,3,junction_region_count,293.0,400.3333333333333,390.0,421.0,107.33333333333333,97.0,128.0,3,346.66666666666663
10-2-2,3,mean_local_acute_angle_deg,59.493993970760265,56.68688054256172,56.02305003632932,57.050652204047495,-2.807113428198548,-3.4709439344309416,-2.44334176671277,3,58.09043725666099
10-2-2,3,retained_segment_count,329.0,418.6666666666667,404.0,432.0,89.66666666666667,75.0,103.0,3,373.83333333333337
10-2-3,3,dominant_path_length,782.7442994522875,661.8670990922607,619.239682094291,742.3940110268422,-120.87720036002679,-163.5046173579965,-40.35028842544523,3,722.3056992722741
10-2-3,3,junction_region_count,18.0,67.33333333333333,52.0,78.0,49.333333333333336,34.0,60.0,3,42.666666666666664
10-2-3,3,mean_local_acute_angle_deg,44.17449818904469,45.48159372809858,43.783364776449886,47.0979956574631,1.3070955390538923,-0.3911334125948045,2.923497468418411,3,44.828045958571636
10-2-3,3,retained_segment_count,27.0,80.66666666666667,68.0,87.0,53.666666666666664,41.0,60.0,3,53.833333333333336
10-2-4,0,dominant_path_length,2714.143361112981,993.2200572599427,899.7127701597099,1076.707719525827,-1720.923303853039,-1814.430590953272,-1637.4356415871544,3,1853.6817091864618
10-2-4,0,junction_region_count,93.0,151.66666666666666,116.0,197.0,58.666666666666664,23.0,104.0,3,122.33333333333333
10-2-4,0,mean_local_acute_angle_deg,63.03310962332985,47.93616680779246,45.928183175536745,49.229220118691245,-15.09694281553739,-17.104926447793105,-13.803889504638605,3,55.484638215561155
10-2-4,0,retained_segment_count,104.0,160.66666666666666,129.0,197.0,56.666666666666664,25.0,93.0,3,132.33333333333331
10-9-1,2,dominant_path_length,2670.711903607907,2216.2148374212907,1953.459161653053,2738.586145375091,-454.49706618661617,-717.2527419548542,67.87424176718378,3,2443.463370514599
10-9-1,2,junction_region_count,47.0,115.0,105.0,120.0,68.0,58.0,73.0,3,81.0
10-9-1,2,mean_local_acute_angle_deg,45.79801641663758,50.23695311134645,48.91996294234294,51.62788899643086,4.438936694708867,3.1219465257053614,5.829872579793282,3,48.017484763992016
10-9-1,2,retained_segment_count,60.0,117.0,114.0,121.0,57.0,54.0,61.0,3,88.5
10-9-2,4,dominant_path_length,3136.0378054156918,2938.737684919573,2758.3515139147007,3216.5495654486126,-197.30012049611818,-377.6862915009906,80.5117600329213,3,3037.3877451676326
10-9-2,4,junction_region_count,205.0,347.0,312.0,379.0,142.0,107.0,174.0,3,276.0
10-9-2,4,mean_local_acute_angle_deg,60.53394064128271,51.08372835122137,49.44974409200395,53.94678582314695,-9.450212290061343,-11.084196549278758,-6.587154818135758,3,55.80883449625204
10-9-2,4,retained_segment_count,222.0,384.3333333333333,314.0,430.0,162.33333333333334,92.0,208.0,3,303.16666666666663
10-9-3,0,dominant_path_length,3235.23794899067,2155.220585402195,2108.60634791066,2191.412480458811,-1080.0173635884748,-1126.63160108001,-1043.8254685318589,3,2695.2292671964324
10-9-3,0,junction_region_count,94.0,184.33333333333334,142.0,251.0,90.33333333333333,48.0,157.0,3,139.16666666666669
10-9-3,0,mean_local_acute_angle_deg,62.02962831732245,58.04161526830634,57.50990669335376,58.53754373994708,-3.988013049016113,-4.519721623968685,-3.492084577375365,3,60.035621792814396
10-9-3,0,retained_segment_count,102.0,203.66666666666666,170.0,257.0,101.66666666666667,68.0,155.0,3,152.83333333333331
10-9-4,2,dominant_path_length,3795.486865800912,1862.6621441750474,1773.2022356160585,2011.4692629208175,-1932.8247216258642,-2022.2846301848533,-1784.017602880094,3,2829.0745049879797
10-9-4,2,junction_region_count,63.0,148.66666666666666,108.0,180.0,85.66666666666667,45.0,117.0,3,105.83333333333333
10-9-4,2,mean_local_acute_angle_deg,43.610163723088185,49.43954267963219,48.35296580944072,51.24359793467664,5.829378956544005,4.742802086352533,7.633434211588451,3,46.52485320136019
10-9-4,2,retained_segment_count,82.0,173.33333333333334,147.0,188.0,91.33333333333333,65.0,106.0,3,127.66666666666667
235-10-11(1),3,dominant_path_length,2994.397328557098,1858.063586727416,1445.8834764831904,2173.757718250381,-1136.3337418296821,-1548.5138520739074,-820.6396103067163,3,2426.2304576422566
235-10-11(1),3,junction_region_count,31.0,249.66666666666666,186.0,285.0,218.66666666666666,155.0,254.0,3,140.33333333333331
235-10-11(1),3,mean_local_acute_angle_deg,53.361302278251465,52.450355978983794,50.008722949357214,54.68681066908941,-0.9109462992676711,-3.352579328894251,1.325508390837939,3,52.905829128617626
235-10-11(1),3,retained_segment_count,39.0,245.33333333333334,214.0,262.0,206.33333333333334,175.0,223.0,3,142.16666666666669
235-10-11(2),1,dominant_path_length,2805.9057710597435,1291.6820578599873,748.4406922210677,1896.096679918788,-1514.2237131997565,-2057.465078838676,-909.8090911409558,3,2048.7939144598654
235-10-11(2),1,junction_region_count,32.0,206.33333333333334,106.0,283.0,174.33333333333334,74.0,251.0,3,119.16666666666667
235-10-11(2),1,mean_local_acute_angle_deg,43.25362958365755,48.078259383425014,45.15514591588488,53.00541937088119,4.824629799767469,1.901516332227331,9.751789787223643,3,45.66594448354128
235-10-11(2),1,retained_segment_count,44.0,193.66666666666666,151.0,228.0,149.66666666666666,107.0,184.0,3,118.83333333333333
235-10-11(3),1,dominant_path_length,3903.799348810616,1849.8195513462608,1397.981889505524,2082.152595829002,-2053.9797974643548,-2505.817459305092,-1821.6467529816136,3,2876.809450078438
235-10-11(3),1,junction_region_count,171.0,465.3333333333333,301.0,610.0,294.3333333333333,130.0,439.0,3,318.16666666666663
235-10-11(3),1,mean_local_acute_angle_deg,59.57250840324565,48.011877924902194,46.76801811047189,49.61028339425158,-11.560630478343457,-12.804490292773757,-9.962225008994068,3,53.79219316407392
235-10-11(3),1,retained_segment_count,195.0,478.0,388.0,564.0,283.0,193.0,369.0,3,336.5
235-10-12(1),4,dominant_path_length,2001.4427842621224,1507.209258645159,913.1513703397226,2108.609306503493,-494.2335256169635,-1088.2914139224,107.16652224137056,3,1754.3260214536408
235-10-12(1),4,junction_region_count,112.0,127.0,115.0,147.0,15.0,3.0,35.0,3,119.5
235-10-12(1),4,mean_local_acute_angle_deg,53.181513697065846,51.82075648641936,50.261753399176165,53.20204419933791,-1.3607572106464783,-2.919760297889681,0.0205305022720665,3,52.501135091742604
235-10-12(1),4,retained_segment_count,134.0,135.33333333333334,111.0,154.0,1.3333333333333333,-23.0,20.0,3,134.66666666666669
235-10-12(2),0,dominant_path_length,3327.9141392239435,1169.117579801336,554.6711395993669,1737.983981546579,-2158.7965594226075,-2773.2429996245764,-1589.9301576773646,3,2248.5158595126395
235-10-12(2),0,junction_region_count,79.0,162.33333333333334,116.0,241.0,83.33333333333333,37.0,162.0,3,120.66666666666667
235-10-12(2),0,mean_local_acute_angle_deg,62.31932305515474,52.581957351290605,49.32070195060695,56.15847645953038,-9.73736570386414,-12.998621104547794,-6.160846595624363,3,57.450640203222676
235-10-12(2),0,retained_segment_count,98.0,161.33333333333334,133.0,207.0,63.333333333333336,35.0,109.0,3,129.66666666666669
235-10-12(3),1,dominant_path_length,3338.9221484506097,1950.361615182482,1241.9919907732894,2678.0743853421723,-1388.5605332681278,-2096.9301576773205,-660.8477631084374,3,2644.6418818165457
235-10-12(3),1,junction_region_count,210.0,546.6666666666666,347.0,712.0,336.6666666666667,137.0,502.0,3,378.3333333333333
235-10-12(3),1,mean_local_acute_angle_deg,56.12825058978015,47.083906777789416,45.50298287141935,49.24634710002989,-9.044343811990736,-10.625267718360805,-6.881903489750265,3,51.60607868378479
235-10-12(3),1,retained_segment_count,248.0,540.6666666666666,431.0,661.0,292.6666666666667,183.0,413.0,3,394.3333333333333
235-25-6(1),2,dominant_path_length,2364.349421873661,1256.5700568347968,1049.4427842621226,1360.9474016201189,-1107.7793650388642,-1314.9066376115384,-1003.402020253542,3,1810.459739354229
235-25-6(1),2,junction_region_count,21.0,63.333333333333336,58.0,71.0,42.333333333333336,37.0,50.0,3,42.16666666666667
235-25-6(1),2,mean_local_acute_angle_deg,63.4461979910307,53.14740235088237,52.47733505105086,54.1606757437289,-10.298795640148326,-10.968862939979845,-9.2855222473018,3,58.29680017095654
235-25-6(1),2,retained_segment_count,27.0,75.33333333333333,72.0,79.0,48.333333333333336,45.0,52.0,3,51.166666666666664
235-25-6(2),4,dominant_path_length,1377.430590953303,898.3449489409714,883.050865276335,913.1463197058408,-479.08564201233145,-494.379725676968,-464.2842712474621,3,1137.8877699471373
235-25-6(2),4,junction_region_count,63.0,239.66666666666666,114.0,488.0,176.66666666666666,51.0,425.0,3,151.33333333333331
235-25-6(2),4,mean_local_acute_angle_deg,48.93734100767138,50.78488026063846,49.84258139172236,51.610291175150245,1.8475392529670813,0.9052403840509768,2.6729501674788665,3,49.86111063415492
235-25-6(2),4,retained_segment_count,90.0,152.0,130.0,191.0,62.0,40.0,101.0,3,121.0
235-25-7(1),2,dominant_path_length,2998.8439379638457,2072.1775601478253,2047.6113985445488,2101.7829714197987,-926.6663778160205,-951.2325394192968,-897.060966544047,3,2535.5107490558357
235-25-7(1),2,junction_region_count,208.0,198.66666666666666,151.0,223.0,-9.333333333333334,-57.0,15.0,3,203.33333333333331
235-25-7(1),2,mean_local_acute_angle_deg,56.8053052093956,49.14523853814483,48.56411867013421,49.85320215720261,-7.660066671250765,-8.241186539261385,-6.952103052192989,3,52.97527187377021
235-25-7(1),2,retained_segment_count,230.0,215.66666666666666,177.0,237.0,-14.333333333333334,-53.0,7.0,3,222.83333333333331
235-25-7(2),2,dominant_path_length,1249.092495836678,1204.8431209710482,1177.6143571373768,1225.513852073988,-44.24937486562961,-71.4781386993011,-23.578643762689808,3,1226.967808403863
235-25-7(2),2,junction_region_count,74.0,112.0,102.0,128.0,38.0,28.0,54.0,3,93.0
235-25-7(2),2,mean_local_acute_angle_deg,51.18427192297171,47.213034570654834,46.26506408256184,47.68707030196657,-3.9712373523168742,-4.919207840409868,-3.4972016210051398,3,49.19865324681327
235-25-7(2),2,retained_segment_count,94.0,124.0,113.0,140.0,30.0,19.0,46.0,3,109.0
235-25-7(3),2,dominant_path_length,3042.988165628605,1179.0826834195032,1149.8498551495582,1209.2051942088858,-1863.905482209102,-1893.138310479047,-1833.7829714197196,3,2111.035424524054
235-25-7(3),2,junction_region_count,69.0,142.66666666666666,120.0,154.0,73.66666666666667,51.0,85.0,3,105.83333333333333
235-25-7(3),2,mean_local_acute_angle_deg,40.34148473985392,53.51934142977101,52.85629239554585,54.62703113776467,13.177856689917093,12.514807655691932,14.28554639791075,3,46.930413084812464
235-25-7(3),2,retained_segment_count,86.0,163.66666666666666,148.0,185.0,77.66666666666667,62.0,99.0,3,124.83333333333333
235-25-9(1),4,dominant_path_length,3126.4490603852128,763.4921351985848,637.7472580451151,958.1757569573632,-2362.956925186628,-2488.701802340098,-2168.273303427849,3,1944.9705977918989
235-25-9(1),4,junction_region_count,71.0,131.33333333333334,79.0,177.0,60.333333333333336,8.0,106.0,3,101.16666666666667
235-25-9(1),4,mean_local_acute_angle_deg,56.36650915301412,48.85698144630783,38.60986058410988,58.07246327379381,-7.509527706706289,-17.75664856890424,1.7059541207796869,3,52.611745299660974
235-25-9(1),4,retained_segment_count,81.0,128.0,77.0,171.0,47.0,-4.0,90.0,3,104.5
235-25-9(2),4,dominant_path_length,1133.901586977666,732.3483160302262,587.1980515339484,805.3229432149768,-401.5532709474399,-546.7035354437177,-328.57864376268924,3,933.1249515039461
235-25-9(2),4,junction_region_count,58.0,74.33333333333333,73.0,77.0,16.333333333333332,15.0,19.0,3,66.16666666666666
235-25-9(2),4,mean_local_acute_angle_deg,48.80355339734289,50.04414357567626,49.253599456044775,51.6032589403582,1.2405901783333704,0.4500460587018864,2.799705543015314,3,49.42384848650957
235-25-9(2),4,retained_segment_count,72.0,79.33333333333333,75.0,82.0,7.333333333333333,3.0,10.0,3,75.66666666666666
235-25-9(3),1,dominant_path_length,3014.99617485532,1348.6109900481215,1032.3961030678972,1507.106781186553,-1666.3851848071981,-1982.6000717874224,-1507.8893936687666,3,2181.803582451721
235-25-9(3),1,junction_region_count,148.0,230.0,173.0,296.0,82.0,25.0,148.0,3,189.0
235-25-9(3),1,mean_local_acute_angle_deg,63.95431651066043,55.01395258450659,46.24503775349887,61.71095208990511,-8.940363926153845,-17.709278757161563,-2.243364420755327,3,59.48413454758351
235-25-9(3),1,retained_segment_count,162.0,241.33333333333334,216.0,265.0,79.33333333333333,54.0,103.0,3,201.66666666666669
447-1-1,1,dominant_path_length,3911.385135248214,3561.5519463402193,2506.3981951089163,4121.5049762953695,-349.83318890799455,-1404.9869401392975,210.1198410471557,3,3736.4685407942166
447-1-1,1,junction_region_count,271.0,419.0,287.0,495.0,148.0,16.0,224.0,3,345.0
447-1-1,1,mean_local_acute_angle_deg,61.7061773985382,55.871086409676,54.31969087602116,56.7965250078331,-5.835090988862194,-7.386486522517032,-4.909652390705098,3,58.788631904107106
447-1-1,1,retained_segment_count,293.0,400.3333333333333,320.0,444.0,107.33333333333333,27.0,151.0,3,346.66666666666663
447-1-1(1),1,dominant_path_length,3219.268252793949,1353.9639482158036,867.2203461105339,1658.2560594852216,-1865.3043045781453,-2352.047906683415,-1561.0121933087275,3,2286.616100504876
447-1-1(1),1,junction_region_count,130.0,195.33333333333334,140.0,229.0,65.33333333333333,10.0,99.0,3,162.66666666666669
447-1-1(1),1,mean_local_acute_angle_deg,67.79905715669001,49.17161913774343,43.20541607020128,53.92050580260499,-18.627438018946584,-24.59364108648873,-13.87855135408502,3,58.48533814721672
447-1-1(1),1,retained_segment_count,138.0,210.0,196.0,222.0,72.0,58.0,84.0,3,174.0
7-1-3(1),4,dominant_path_length,3591.411613906912,1835.4475460454134,1340.4894654563484,2099.391052434012,-1755.9640678614987,-2250.922148450564,-1492.0205614728998,3,2713.4295799761626
7-1-3(1),4,junction_region_count,370.0,438.0,409.0,481.0,68.0,39.0,111.0,3,404.0
7-1-3(1),4,mean_local_acute_angle_deg,52.19068191429416,47.334936342123775,46.70686260453745,47.90494780276417,-4.855745572170382,-5.483819309756711,-4.28573411152999,3,49.76280912820897
7-1-3(1),4,retained_segment_count,415.0,502.0,487.0,515.0,87.0,72.0,100.0,3,458.5
7-1-3(2),4,dominant_path_length,2479.356564548581,1857.9253958941133,1063.9696961967045,2255.3321779309526,-621.4311686544678,-1415.3868683518767,-224.02438661762835,3,2168.640980221347
7-1-3(2),4,junction_region_count,201.0,193.33333333333334,172.0,211.0,-7.666666666666667,-29.0,10.0,3,197.16666666666669
7-1-3(2),4,mean_local_acute_angle_deg,52.02063707468777,47.201252581421706,45.439086769482415,50.321208598823226,-4.819384493266057,-6.581550305205354,-1.6994284758645437,3,49.61094482805474
7-1-3(2),4,retained_segment_count,239.0,231.0,225.0,241.0,-8.0,-14.0,2.0,3,235.0
7-1-3(3),0,dominant_path_length,3139.476405595674,1546.7409323630325,1447.4305909533025,1673.9696961967045,-1592.7354732326414,-1692.0458146423714,-1465.5067093989694,3,2343.1086689793533
7-1-3(3),0,junction_region_count,206.0,276.0,243.0,341.0,70.0,37.0,135.0,3,241.0
7-1-3(3),0,mean_local_acute_angle_deg,55.62685066639042,50.51174709013225,50.12220512612832,51.05411199601392,-5.115103576258164,-5.504645540262096,-4.572738670376502,3,53.069298878261336
7-1-3(3),0,retained_segment_count,234.0,332.0,306.0,381.0,98.0,72.0,147.0,3,283.0
7-1-6(1),0,dominant_path_length,3188.726188957766,2408.355289500379,2171.731239591685,2565.750575575405,-780.3708994573873,-1016.9949493660812,-622.9756133823612,3,2798.5407392290726
7-1-6(1),0,junction_region_count,268.0,305.0,247.0,382.0,37.0,-21.0,114.0,3,286.5
7-1-6(1),0,mean_local_acute_angle_deg,57.71657823171459,54.21597997342656,51.81688408465072,56.492643685323245,-3.500598258288027,-5.899694147063876,-1.223934546391348,3,55.96627910257058
7-1-6(1),0,retained_segment_count,300.0,328.0,288.0,386.0,28.0,-12.0,86.0,3,314.0
7-1-6(2),3,dominant_path_length,4815.678641211786,3915.157477258034,3406.835928737132,4176.519261645268,-900.5211639537521,-1408.8427124746545,-639.1593795665185,3,4365.41805923491
7-1-6(2),3,junction_region_count,321.0,564.6666666666666,531.0,611.0,243.66666666666666,210.0,290.0,3,442.8333333333333
7-1-6(2),3,mean_local_acute_angle_deg,45.76167325566849,49.30007118731254,46.54090934831358,52.57819369647456,3.538397931644051,0.7792360926450925,6.816520440806066,3,47.53087222149051
7-1-6(2),3,retained_segment_count,436.0,620.6666666666666,589.0,664.0,184.66666666666666,153.0,228.0,3,528.3333333333333
7-1-6(3),2,dominant_path_length,3149.346463280794,1842.7751313978404,1517.9036790187213,2243.0378054157227,-1306.5713318829537,-1631.4427842620728,-906.3086578650714,3,2496.060797339317
7-1-6(3),2,junction_region_count,82.0,245.66666666666666,184.0,291.0,163.66666666666666,102.0,209.0,3,163.83333333333331
7-1-6(3),2,mean_local_acute_angle_deg,52.34419986077857,46.97964090996348,45.58597880385371,49.43239183242502,-5.3645589508150975,-6.75822105692486,-2.911808028353555,3,49.661920385371026
7-1-6(3),2,retained_segment_count,113.0,250.33333333333334,209.0,275.0,137.33333333333334,96.0,162.0,3,181.66666666666669
7-1-6(4),0,dominant_path_length,2934.7922061357463,3866.5032927507878,3257.66940649576,4635.5365055879765,931.7110866150415,322.87720036001383,1700.7442994522305,3,3400.647749443267
7-1-6(4),0,junction_region_count,320.0,560.0,427.0,669.0,240.0,107.0,349.0,3,440.0
7-1-6(4),0,mean_local_acute_angle_deg,45.58572184508618,46.29636893784673,46.0561200991257,46.45729658393269,0.7106470927605552,0.470398254039523,0.8715747388465118,3,45.94104539146645
7-1-6(4),0,retained_segment_count,402.0,573.0,482.0,643.0,171.0,80.0,241.0,3,487.5
DN50-235-25-6(2),1,dominant_path_length,1654.4398256692953,1237.5937461054189,968.3544725075546,1511.841845922848,-416.8460795638764,-686.0853531617406,-142.5979797464472,3,1446.016785887357
DN50-235-25-6(2),1,junction_region_count,97.0,197.33333333333334,106.0,246.0,100.33333333333333,9.0,149.0,3,147.16666666666669
DN50-235-25-6(2),1,mean_local_acute_angle_deg,48.376302759478975,49.49020285269796,45.41931786382178,56.23688821771573,1.1139000932189826,-2.956984895657193,7.860585458236756,3,48.93325280608847
DN50-235-25-6(2),1,retained_segment_count,104.0,184.33333333333334,134.0,210.0,80.33333333333333,30.0,106.0,3,144.16666666666669
DN50-235-25-6(3),1,dominant_path_length,956.9015869776664,919.180807591246,903.2813126546342,933.0681092190378,-37.72077938642038,-53.62027432303216,-23.833477758628646,3,938.0411972844562
DN50-235-25-6(3),1,junction_region_count,90.0,151.33333333333334,98.0,194.0,61.333333333333336,8.0,104.0,3,120.66666666666667
DN50-235-25-6(3),1,mean_local_acute_angle_deg,55.84661373210531,47.90373630616335,45.45391793548807,49.88786167597589,-7.942877425941961,-10.39269579661724,-5.95875205612942,3,51.87517501913433
DN50-235-25-6(3),1,retained_segment_count,110.0,155.66666666666666,127.0,176.0,45.666666666666664,17.0,66.0,3,132.83333333333331
DN50-235-25-7(1),0,dominant_path_length,835.1076477383253,739.9872289899977,721.6538956566643,767.1391770309028,-95.12041874832774,-113.45375208166104,-67.96847070742251,3,787.5474383641615
DN50-235-25-7(1),0,junction_region_count,71.0,100.0,62.0,136.0,29.0,-9.0,65.0,3,85.5
DN50-235-25-7(1),0,mean_local_acute_angle_deg,53.845303485648856,53.662484445496126,51.58558888390889,55.07707832796885,-0.18281904015272707,-2.259714601739965,1.231774842319993,3,53.75389396557249
DN50-235-25-7(1),0,retained_segment_count,86.0,105.33333333333333,75.0,137.0,19.333333333333332,-11.0,51.0,3,95.66666666666666
W82-447-1-13-3(1),3,dominant_path_length,2963.730373039836,1467.7284502036216,1440.6042558696113,1484.2905473706264,-1496.0019228362146,-1523.126117170225,-1479.4398256692098,3,2215.729411621729
W82-447-1-13-3(1),3,junction_region_count,50.0,262.3333333333333,250.0,277.0,212.33333333333334,200.0,227.0,3,156.16666666666666
W82-447-1-13-3(1),3,mean_local_acute_angle_deg,45.41755671898957,46.427829185584415,45.09311842365315,47.78312498209024,1.010272466594844,-0.3244382953364209,2.36556826310067,3,45.922692952286994
W82-447-1-13-3(1),3,retained_segment_count,76.0,306.3333333333333,291.0,328.0,230.33333333333334,215.0,252.0,3,191.16666666666666
W82-447-1-13-7(1),4,dominant_path_length,2599.841845922817,1496.968709999095,1466.8519471906131,1522.9352083112988,-1102.873135923722,-1132.9898987322038,-1076.906637611518,3,2048.405277960956
W82-447-1-13-7(1),4,junction_region_count,124.0,253.66666666666666,141.0,441.0,129.66666666666666,17.0,317.0,3,188.83333333333331
W82-447-1-13-7(1),4,mean_local_acute_angle_deg,45.765543776284055,53.32333359294241,50.867594301544834,56.1212854208524,7.557789816658357,5.102050525260779,10.35574164456834,3,49.54443868461323
W82-447-1-13-7(1),4,retained_segment_count,161.0,195.66666666666666,181.0,205.0,34.666666666666664,20.0,44.0,3,178.33333333333331
W82-447-1-13-7(2),3,dominant_path_length,2569.818684794427,587.3736888454755,578.9259735953062,604.0975464705602,-1982.4449959489514,-1990.8927111991209,-1965.7211383238669,3,1578.5961868199513
W82-447-1-13-7(2),3,junction_region_count,28.0,73.33333333333333,47.0,88.0,45.333333333333336,19.0,60.0,3,50.666666666666664
W82-447-1-13-7(2),3,mean_local_acute_angle_deg,56.21991760625045,50.87525541860035,50.34426508997683,51.24582419418112,-5.344662187650099,-5.875652516273618,-4.97409341206933,3,53.5475865124254
W82-447-1-13-7(2),3,retained_segment_count,37.0,66.66666666666667,46.0,79.0,29.666666666666668,9.0,42.0,3,51.833333333333336
W82-447-1-13-7(3),2,dominant_path_length,3607.196318430328,2054.3321779309676,1942.1189744953729,2224.2854967367384,-1552.8641404993602,-1665.0773439349548,-1382.9108216935892,3,2830.764248180648
W82-447-1-13-7(3),2,junction_region_count,86.0,536.6666666666666,476.0,595.0,450.6666666666667,390.0,509.0,3,311.3333333333333
W82-447-1-13-7(3),2,mean_local_acute_angle_deg,42.04523834094305,44.608838113716054,43.682899285759454,45.90495353393023,2.563599772773003,1.6376609448164032,3.8597151929871742,3,43.32703822732955
W82-447-1-13-7(3),2,retained_segment_count,125.0,584.3333333333334,569.0,593.0,459.3333333333333,444.0,468.0,3,354.6666666666667
