trait,trait_label,unit,closing_kernel,pruning_iterations,min_component_pixels,annotation_mean,annotation_mean_change_percent,oof_mae_seed_mean,oof_mae_change_percent,reference_valid_angle_images,oof_valid_pairs_min_seed,oof_valid_pairs_max_seed
retained_segment_count,Retained segments,count,3,5,5,165.74,14.524599226091773,217.20666666666668,122.94375256603254,50,50,50
retained_segment_count,Retained segments,count,3,5,10,147.9,2.1973466003316844,155.67333333333335,59.785137539345826,50,50,50
retained_segment_count,Retained segments,count,3,5,20,121.6,-15.975677169707026,75.98,-22.013138086766116,50,50,50
retained_segment_count,Retained segments,count,3,10,5,161.04,11.27694859038142,173.59333333333333,78.17845901190637,50,50,50
retained_segment_count,Retained segments,count,3,10,10,144.42,-0.20729684908790125,127.32666666666668,30.689749555221013,50,50,50
retained_segment_count,Retained segments,count,3,10,20,118.58,-18.062465450525156,64.08666666666666,-34.220610373614356,50,50,50
retained_segment_count,Retained segments,count,3,15,5,157.32,8.70646766169154,148.40666666666667,52.32653619816612,50,50,50
retained_segment_count,Retained segments,count,3,15,10,140.7,-2.77777777777779,110.89333333333332,13.822362118516462,50,50,50
retained_segment_count,Retained segments,count,3,15,20,114.98,-20.55002763957987,57.56,-40.919666073628036,50,50,50
retained_segment_count,Retained segments,count,3,20,5,153.74,6.232725262576011,132.74,36.24606541672368,50,50,50
retained_segment_count,Retained segments,count,3,20,10,137.58,-4.933665008291865,100.34666666666668,2.9971260435199154,50,50,50
retained_segment_count,Retained segments,count,3,20,20,111.96,-22.636815920398014,52.04666666666666,-46.57862323799098,50,50,50
retained_segment_count,Retained segments,count,5,5,5,164.9,13.944168048645667,194.90666666666667,100.05474202819214,50,50,50
retained_segment_count,Retained segments,count,5,5,10,151.32,4.560530679933672,140.31333333333333,44.019433420008205,50,50,50
retained_segment_count,Retained segments,count,5,5,20,124.8,-13.764510779436156,70.48,-27.658409744081027,50,50,50
retained_segment_count,Retained segments,count,5,10,5,160.94,11.207849640685463,152.8733333333333,56.91118105925821,50,50,50
retained_segment_count,Retained segments,count,5,10,10,148.06,2.3079049198452273,113.24,16.231011358970825,50,50,50
retained_segment_count,Retained segments,count,5,10,20,122.06,-15.65782200110558,59.20666666666667,-39.22950595319556,50,50,50
retained_segment_count,Retained segments,count,5,15,5,157.5,8.83084577114428,128.64666666666668,32.0446147529766,50,50,50
retained_segment_count,Retained segments,count,5,15,10,144.72,0.0,97.42666666666668,0.0,50,50,50
retained_segment_count,Retained segments,count,5,15,20,119.28,-17.578772802653397,52.44,-46.17490078007391,50,50,50
retained_segment_count,Retained segments,count,5,20,5,154.16,6.522940851299053,113.62,16.621048309839882,50,50,50
retained_segment_count,Retained segments,count,5,20,10,141.86,-1.9762299613045764,87.26,-10.435199124127548,50,50,50
retained_segment_count,Retained segments,count,5,20,20,116.6,-19.43062465450526,47.72,-51.0195702750787,50,50,50
retained_segment_count,Retained segments,count,7,5,5,163.12,12.714206744057499,175.74666666666667,80.3886684001642,50,50,50
retained_segment_count,Retained segments,count,7,5,10,150.72,4.1459369817578695,128.59333333333333,31.98987272478444,50,50,50
retained_segment_count,Retained segments,count,7,5,20,125.8,-13.073521282476507,67.30000000000001,-30.922403175037626,50,50,50
retained_segment_count,Retained segments,count,7,10,5,158.52,9.535655058043124,138.04666666666665,41.69289722184204,50,50,50
retained_segment_count,Retained segments,count,7,10,10,147.62,2.0038695411829677,102.71999999999998,5.433146298070324,50,50,50
retained_segment_count,Retained segments,count,7,10,20,123.06,-14.966832504145932,56.56,-41.94607910223074,50,50,50
retained_segment_count,Retained segments,count,7,15,5,155.64,7.54560530679933,113.94,16.94950047899273,50,50,50
retained_segment_count,Retained segments,count,7,15,10,144.42,-0.20729684908790125,86.81333333333335,-10.893663610236759,50,50,50
retained_segment_count,Retained segments,count,7,15,20,120.5,-16.73576561636263,49.64666666666667,-49.04201450663748,50,50,50
retained_segment_count,Retained segments,count,7,20,5,152.4,5.306799336650081,98.75333333333332,1.3617079512795671,50,50,50
retained_segment_count,Retained segments,count,7,20,10,141.74,-2.059148700939739,76.76666666666667,-21.205693170931994,50,50,50
retained_segment_count,Retained segments,count,7,20,20,118.14,-18.366500829187395,45.0,-53.811413712878064,50,50,50
junction_region_count,Junction regions,count,3,5,5,118.12,-2.57340811613328,139.35333333333332,24.749343518739543,50,50,50
junction_region_count,Junction regions,count,3,5,10,118.12,-2.57340811613328,139.35333333333332,24.749343518739543,50,50,50
junction_region_count,Junction regions,count,3,5,20,118.12,-2.57340811613328,139.35333333333332,24.749343518739543,50,50,50
junction_region_count,Junction regions,count,3,10,5,117.42,-3.1507753216760137,134.3066666666667,20.231558844593025,50,50,50
junction_region_count,Junction regions,count,3,10,10,117.42,-3.1507753216760137,134.3066666666667,20.231558844593025,50,50,50
junction_region_count,Junction regions,count,3,10,20,117.42,-3.1507753216760137,134.3066666666667,20.231558844593025,50,50,50
junction_region_count,Junction regions,count,3,15,5,117.04,-3.4642032332563466,130.78666666666666,17.080448794461688,50,50,50
junction_region_count,Junction regions,count,3,15,10,117.04,-3.4642032332563466,130.78666666666666,17.080448794461688,50,50,50
junction_region_count,Junction regions,count,3,15,20,117.04,-3.4642032332563466,130.78666666666666,17.080448794461688,50,50,50
junction_region_count,Junction regions,count,3,20,5,116.74,-3.711646321346096,128.46666666666667,15.00358080687516,50,50,50
junction_region_count,Junction regions,count,3,20,10,116.74,-3.711646321346096,128.46666666666667,15.00358080687516,50,50,50
junction_region_count,Junction regions,count,3,20,20,116.74,-3.711646321346096,128.46666666666667,15.00358080687516,50,50,50
junction_region_count,Junction regions,count,5,5,5,122.36,0.9237875288683695,120.27333333333333,7.668894724277875,50,50,50
junction_region_count,Junction regions,count,5,5,10,122.36,0.9237875288683695,120.27333333333333,7.668894724277875,50,50,50
junction_region_count,Junction regions,count,5,5,20,122.36,0.9237875288683695,120.27333333333333,7.668894724277875,50,50,50
junction_region_count,Junction regions,count,5,10,5,121.6,0.29693170570768146,115.15333333333332,3.0854619240868963,50,50,50
junction_region_count,Junction regions,count,5,10,10,121.6,0.29693170570768146,115.15333333333332,3.0854619240868963,50,50,50
junction_region_count,Junction regions,count,5,10,20,121.6,0.29693170570768146,115.15333333333332,3.0854619240868963,50,50,50
junction_region_count,Junction regions,count,5,15,5,121.24,0.0,111.70666666666666,0.0,50,50,50
junction_region_count,Junction regions,count,5,15,10,121.24,0.0,111.70666666666666,0.0,50,50,50
junction_region_count,Junction regions,count,5,15,20,121.24,0.0,111.70666666666666,0.0,50,50,50
junction_region_count,Junction regions,count,5,20,5,120.94,-0.24744308808973825,109.25333333333332,-2.1962282167581892,50,50,50
junction_region_count,Junction regions,count,5,20,10,120.94,-0.24744308808973825,109.25333333333332,-2.1962282167581892,50,50,50
junction_region_count,Junction regions,count,5,20,20,120.94,-0.24744308808973825,109.25333333333332,-2.1962282167581892,50,50,50
junction_region_count,Junction regions,count,7,5,5,121.22,-0.016496205872651437,104.94666666666669,-6.051563619002131,50,50,50
junction_region_count,Junction regions,count,7,5,10,121.22,-0.016496205872651437,104.94666666666669,-6.051563619002131,50,50,50
junction_region_count,Junction regions,count,7,5,20,121.22,-0.016496205872651437,104.94666666666669,-6.051563619002131,50,50,50
junction_region_count,Junction regions,count,7,10,5,120.4,-0.6928406466512604,99.91333333333334,-10.557412270231548,50,50,50
junction_region_count,Junction regions,count,7,10,10,120.4,-0.6928406466512604,99.91333333333334,-10.557412270231548,50,50,50
junction_region_count,Junction regions,count,7,10,20,120.4,-0.6928406466512604,99.91333333333334,-10.557412270231548,50,50,50
junction_region_count,Junction regions,count,7,15,5,120.12,-0.9237875288683473,96.56666666666666,-13.553354022439724,50,50,50
junction_region_count,Junction regions,count,7,15,10,120.12,-0.9237875288683473,96.56666666666666,-13.553354022439724,50,50,50
junction_region_count,Junction regions,count,7,15,20,120.12,-0.9237875288683473,96.56666666666666,-13.553354022439724,50,50,50
junction_region_count,Junction regions,count,7,20,5,119.7,-1.2702078521939941,94.04,-15.815230365242295,50,50,50
junction_region_count,Junction regions,count,7,20,10,119.7,-1.2702078521939941,94.04,-15.815230365242295,50,50,50
junction_region_count,Junction regions,count,7,20,20,119.7,-1.2702078521939941,94.04,-15.815230365242295,50,50,50
mean_local_acute_angle_deg,Mean local angle,deg,3,5,5,54.02869240539012,-1.0892302098800433,6.030483322928126,-11.89033024405215,50,50,50
mean_local_acute_angle_deg,Mean local angle,deg,3,5,10,54.36012551896702,-0.4824728937515399,6.64833662074379,-2.863052144934808,50,50,50
mean_local_acute_angle_deg,Mean local angle,deg,3,5,20,54.93222319150678,0.5648710019966918,7.130152038557104,4.176615336682921,50,50,50
mean_local_acute_angle_deg,Mean local angle,deg,3,10,5,54.131521308412864,-0.9009804947409328,6.29329749936026,-8.050427361877688,50,50,50
mean_local_acute_angle_deg,Mean local angle,deg,3,10,10,54.4658974739997,-0.2888353091883178,6.803119352843705,-0.6015658462503848,50,50,50
mean_local_acute_angle_deg,Mean local angle,deg,3,10,20,54.91523062210516,0.5337625659898482,7.30196401151565,6.686911010653018,50,50,50
mean_local_acute_angle_deg,Mean local angle,deg,3,15,5,54.06442379954892,-1.0238164538815986,6.518485101998636,-4.760275604693664,50,50,50
mean_local_acute_angle_deg,Mean local angle,deg,3,15,10,54.38842612084229,-0.4306627500596627,7.036821286924879,2.8129863762770047,50,50,50
mean_local_acute_angle_deg,Mean local angle,deg,3,15,20,54.853125509756175,0.4200662280468892,7.72082407983827,12.806755858501816,50,50,50
mean_local_acute_angle_deg,Mean local angle,deg,3,20,5,54.034733427897606,-1.0781708604874707,6.731516511648997,-1.6477345119138231,50,50,50
mean_local_acute_angle_deg,Mean local angle,deg,3,20,10,54.36215664790085,-0.4787544893733453,7.194329784702785,5.114298058908129,50,50,50
mean_local_acute_angle_deg,Mean local angle,deg,3,20,20,54.73600348636663,0.2056499803628764,7.744323473144745,13.150098783574915,50,50,50
mean_local_acute_angle_deg,Mean local angle,deg,5,5,5,54.1422694192735,-0.8813038401397466,6.035926267738616,-11.810804931722906,50,50,50
mean_local_acute_angle_deg,Mean local angle,deg,5,5,10,54.49608786411367,-0.2335655146867066,6.613743461241153,-3.3684829199447597,50,50,50
mean_local_acute_angle_deg,Mean local angle,deg,5,5,20,55.045739419321016,0.7726860901822619,7.07622825990335,3.3887504053413675,50,50,50
mean_local_acute_angle_deg,Mean local angle,deg,5,10,5,54.2981705341574,-0.5958943919783355,6.17113416308112,-9.835320983076446,50,50,50
mean_local_acute_angle_deg,Mean local angle,deg,5,10,10,54.554343930298856,-0.1269156570872232,6.785028943985154,-0.8658796441539218,50,50,50
mean_local_acute_angle_deg,Mean local angle,deg,5,10,20,55.11289170001919,0.8956223205685454,7.05177670146218,3.031495667387185,50,50,50
mean_local_acute_angle_deg,Mean local angle,deg,5,15,5,54.31982200985392,-0.5562568580516181,6.4364303147745785,-5.959154669115952,50,50,50
mean_local_acute_angle_deg,Mean local angle,deg,5,15,10,54.62366991990286,0.0,6.844292277603319,0.0,50,50,50
mean_local_acute_angle_deg,Mean local angle,deg,5,15,20,55.04637407699846,0.7738479631914652,7.391430374164547,7.9940784871452175,50,50,50
mean_local_acute_angle_deg,Mean local angle,deg,5,20,5,54.54741246438025,-0.13960514852705552,6.393818226814116,-6.581747717923969,50,50,50
mean_local_acute_angle_deg,Mean local angle,deg,5,20,10,54.8451708520843,0.40550357108235513,6.928996468390078,1.2375887433086152,50,50,50
mean_local_acute_angle_deg,Mean local angle,deg,5,20,20,55.42051052886957,1.4587826305613616,7.448472182965594,8.82750006657873,50,50,50
mean_local_acute_angle_deg,Mean local angle,deg,7,5,5,54.37066577018689,-0.4631767694974753,6.098675708927281,-10.893990765355388,50,50,50
mean_local_acute_angle_deg,Mean local angle,deg,7,5,10,54.69870713977272,0.13737125312138776,6.624903788751946,-3.2054225616471865,50,50,50
mean_local_acute_angle_deg,Mean local angle,deg,7,5,20,55.39966186164312,1.4206148046774114,7.033869540579679,2.769859253333129,50,50,50
mean_local_acute_angle_deg,Mean local angle,deg,7,10,5,54.57260240858759,-0.09348971131041273,5.986189605808341,-12.53749309629808,50,50,50
mean_local_acute_angle_deg,Mean local angle,deg,7,10,10,54.77356763430385,0.2744189737174274,6.491045281994761,-5.161190979007346,50,50,50
mean_local_acute_angle_deg,Mean local angle,deg,7,10,20,55.43421429101778,1.4838702201874332,6.959312549642981,1.680528349381638,50,50,50
mean_local_acute_angle_deg,Mean local angle,deg,7,15,5,54.62827104313524,0.00842331399397711,6.101118475819092,-10.858300195859927,50,50,50
mean_local_acute_angle_deg,Mean local angle,deg,7,15,10,54.86802545809767,0.4473436855361834,6.628837785308381,-3.147944061360053,50,50,50
mean_local_acute_angle_deg,Mean local angle,deg,7,15,20,55.47538406342579,1.5592400597979506,7.147126707300455,4.4246273743759446,50,50,50
mean_local_acute_angle_deg,Mean local angle,deg,7,20,5,54.685889722339056,0.1139063020251685,6.214145259638966,-9.206898133593644,50,50,50
mean_local_acute_angle_deg,Mean local angle,deg,7,20,10,55.05968510727635,0.7982165753652959,6.776783554128406,-0.9863506807829214,50,50,50
mean_local_acute_angle_deg,Mean local angle,deg,7,20,20,55.80895283417084,2.1699071409995163,7.223271406205064,5.537155826057916,50,50,50
