threshold,macro_dice
0.1,0.04505187269562103
0.11,0.04505187269562103
0.12,0.04505187269562103
0.13,0.04505187269562103
0.14,0.04505187269562103
0.15,0.04505187269562103
0.16,0.04505187269562103
0.17,0.04505187269562103
0.18,0.04505187269562103
0.19,0.04505187269562103
0.2,0.04505187269562103
0.21,0.04505187269562103
0.22,0.04505187269562103
0.23,0.04505187269562103
0.24,0.04505187269562103
0.25,0.04505187269562103
0.26,0.04505187269562103
0.27,0.04505187269562103
0.28,0.04505187269562103
0.29,0.04505187269562103
0.3,0.04505187269562103
0.31,0.04505187269562103
0.32,0.04505187269562103
0.33,0.04505187269562103
0.34,0.04505187269562103
0.35,0.04505187269562103
0.36,0.04505187269562103
0.37,0.04505187441168807
0.38,0.04505111189264487
0.39,0.044993361350486254
0.4,0.04492449841375606
0.41,0.045159508300356324
0.42,0.04558223181270142
0.43,0.046359402049404926
0.44,0.04768893034043829
0.45,0.05018209510960976
0.46,0.054627305688732794
0.47,0.06643512572303789
0.48,0.18576136956361977
0.49,0.5275174826436617
0.5,0.5554739418700944
0.51,0.5550184875640418
0.52,0.5487836275062661
0.53,0.5415130113071608
0.54,0.5336821077677446
0.55,0.5257372123614422
0.56,0.5179569061940569
0.57,0.5106372383332412
0.58,0.5034381470165359
0.59,0.49640486168281744
0.6,0.4897522227425499
0.61,0.48315837044974197
0.62,0.4771363202827881
0.63,0.47136715708810134
0.64,0.4655621608714814
0.65,0.45975205685936016
0.66,0.4536701571730064
0.67,0.44738524122412626
0.68,0.44122207414053455
0.69,0.43501300595091336
0.7,0.4282817669725838
0.71,0.42142005991077064
0.72,0.41434627349141334
0.73,0.4069819351258979
0.74,0.3992159422422248
0.75,0.3912856812896064
0.76,0.3828278953594349
0.77,0.3741205809920719
0.78,0.364832731660537
0.79,0.3549897387801421
0.8,0.34466389845900647
0.81,0.33357611142807875
0.82,0.32197985791340644
0.83,0.30980000476619074
0.84,0.29697702600840653
0.85,0.2834644516336186
0.86,0.2695310223068877
0.87,0.25487591536676607
0.88,0.24074093009004288
0.89,0.2262803662816478
0.9,0.21141300540878852
